-105.345, 39.945, 70.0
-105.345, 39.95, 130.0
-105.345, 39.955, 70.0
-105.345, 39.96, 70.0
-105.345, 39.965, 70.0
-105.345, 39.97, 70.0
-105.345, 39.975, 70.0
-105.345, 39.98, 70.0
-105.345, 39.985, 70.0
-105.345, 39.99, 70.0
-105.345, 39.995, 70.0
-105.345, 40, 70.0
-105.345, 40.005, 70.0
-105.345, 40.01, 70.0
-105.345, 40.015, 70.0
-105.345, 40.02, 70.0
-105.345, 40.025, 70.0
-105.345, 40.03, 70.0
-105.345, 40.035, 70.0
-105.345, 40.04, 70.0
-105.345, 40.045, 70.0
-105.345, 40.05, 70.0
-105.345, 40.055, 70.0
-105.345, 40.06, 70.0
-105.345, 40.065, 70.0
-105.345, 40.07, 70.0
-105.345, 40.075, 70.0
-105.345, 40.08, 70.0
-105.345, 40.085, 70.0
-105.345, 40.09, 70.0
-105.345, 40.095, 70.0
-105.345, 40.1, 70.0
-105.345, 40.105, 70.0
-105.345, 40.11, 70.0
-105.345, 40.115, 70.0
-105.345, 40.12, 70.0
-105.345, 40.125, 130.0
-105.345, 40.13, 70.0
-105.345, 40.135, 130.0
-105.345, 40.14, 130.0
-105.345, 40.145, 70.0
-105.345, 40.15, 70.0
-105.345, 40.155, 70.0
-105.345, 40.16, 70.0
-105.345, 40.165, 70.0
-105.345, 40.17, 70.0
-105.345, 40.175, 70.0
-105.345, 40.18, 70.0
-105.345, 40.185, 70.0
-105.345, 40.19, 70.0
-105.34, 39.945, 70.0
-105.34, 39.95, 130.0
-105.34, 39.955, 130.0
-105.34, 39.96, 70.0
-105.34, 39.965, 70.0
-105.34, 39.97, 70.0
-105.34, 39.975, 70.0
-105.34, 39.98, 70.0
-105.34, 39.985, 70.0
-105.34, 39.99, 70.0
-105.34, 39.995, 70.0
-105.34, 40, 70.0
-105.34, 40.005, 90.0
-105.34, 40.01, 70.0
-105.34, 40.015, 70.0
-105.34, 40.02, 70.0
-105.34, 40.025, 70.0
-105.34, 40.03, 70.0
-105.34, 40.035, 70.0
-105.34, 40.04, 70.0
-105.34, 40.045, 70.0
-105.34, 40.05, 70.0
-105.34, 40.055, 70.0
-105.34, 40.06, 70.0
-105.34, 40.065, 70.0
-105.34, 40.07, 70.0
-105.34, 40.075, 70.0
-105.34, 40.08, 70.0
-105.34, 40.085, 70.0
-105.34, 40.09, 70.0
-105.34, 40.095, 70.0
-105.34, 40.1, 70.0
-105.34, 40.105, 70.0
-105.34, 40.11, 70.0
-105.34, 40.115, 70.0
-105.34, 40.12, 130.0
-105.34, 40.125, 130.0
-105.34, 40.13, 130.0
-105.34, 40.135, 130.0
-105.34, 40.14, 130.0
-105.34, 40.145, 70.0
-105.34, 40.15, 70.0
-105.34, 40.155, 70.0
-105.34, 40.16, 70.0
-105.34, 40.165, 70.0
-105.34, 40.17, 70.0
-105.34, 40.175, 70.0
-105.34, 40.18, 70.0
-105.34, 40.19, 70.0
-105.335, 39.945, 70.0
-105.335, 39.95, 70.0
-105.335, 39.955, 130.0
-105.335, 39.96, 70.0
-105.335, 39.965, 70.0
-105.335, 39.97, 70.0
-105.335, 39.975, 70.0
-105.335, 39.98, 70.0
-105.335, 39.985, 70.0
-105.335, 39.99, 70.0
-105.335, 39.995, 70.0
-105.335, 40, 70.0
-105.335, 40.005, 90.0
-105.335, 40.01, 70.0
-105.335, 40.015, 70.0
-105.335, 40.02, 70.0
-105.335, 40.025, 70.0
-105.335, 40.03, 70.0
-105.335, 40.035, 70.0
-105.335, 40.04, 70.0
-105.335, 40.045, 70.0
-105.335, 40.05, 70.0
-105.335, 40.055, 70.0
-105.335, 40.06, 70.0
-105.335, 40.065, 70.0
-105.335, 40.07, 70.0
-105.335, 40.075, 70.0
-105.335, 40.08, 70.0
-105.335, 40.085, 70.0
-105.335, 40.09, 70.0
-105.335, 40.095, 70.0
-105.335, 40.1, 70.0
-105.335, 40.105, 70.0
-105.335, 40.11, 70.0
-105.335, 40.115, 70.0
-105.335, 40.12, 130.0
-105.335, 40.125, 130.0
-105.335, 40.13, 130.0
-105.335, 40.135, 130.0
-105.335, 40.14, 70.0
-105.335, 40.145, 70.0
-105.335, 40.15, 70.0
-105.335, 40.155, 70.0
-105.335, 40.16, 70.0
-105.335, 40.165, 70.0
-105.335, 40.17, 70.0
-105.335, 40.175, 70.0
-105.335, 40.18, 70.0
-105.335, 40.185, 70.0
-105.335, 40.19, 70.0
-105.33, 39.945, 70.0
-105.33, 39.95, 70.0
-105.33, 39.955, 70.0
-105.33, 39.96, 70.0
-105.33, 39.965, 70.0
-105.33, 39.97, 70.0
-105.33, 39.975, 70.0
-105.33, 39.98, 70.0
-105.33, 39.985, 70.0
-105.33, 39.99, 70.0
-105.33, 39.995, 70.0
-105.33, 40, 70.0
-105.33, 40.005, 70.0
-105.33, 40.01, 70.0
-105.33, 40.015, 70.0
-105.33, 40.02, 70.0
-105.33, 40.025, 70.0
-105.33, 40.03, 70.0
-105.33, 40.035, 70.0
-105.33, 40.04, 70.0
-105.33, 40.045, 70.0
-105.33, 40.05, 70.0
-105.33, 40.055, 70.0
-105.33, 40.06, 70.0
-105.33, 40.065, 70.0
-105.33, 40.07, 70.0
-105.33, 40.075, 70.0
-105.33, 40.08, 70.0
-105.33, 40.085, 70.0
-105.33, 40.09, 70.0
-105.33, 40.095, 70.0
-105.33, 40.1, 70.0
-105.33, 40.105, 70.0
-105.33, 40.11, 70.0
-105.33, 40.115, 70.0
-105.33, 40.12, 70.0
-105.33, 40.125, 130.0
-105.33, 40.13, 130.0
-105.33, 40.135, 130.0
-105.33, 40.14, 130.0
-105.33, 40.145, 70.0
-105.33, 40.15, 70.0
-105.33, 40.155, 70.0
-105.33, 40.16, 70.0
-105.33, 40.165, 70.0
-105.33, 40.17, 70.0
-105.33, 40.175, 70.0
-105.355, 39.95, 70.0
-105.355, 39.955, 70.0
-105.355, 39.96, 70.0
-105.355, 39.965, 70.0
-105.355, 39.97, 70.0
-105.355, 39.975, 70.0
-105.355, 39.98, 70.0
-105.355, 39.985, 70.0
-105.355, 39.99, 70.0
-105.355, 39.995, 70.0
-105.355, 40, 70.0
-105.355, 40.005, 70.0
-105.355, 40.01, 70.0
-105.355, 40.015, 70.0
-105.355, 40.02, 70.0
-105.355, 40.025, 70.0
-105.355, 40.03, 70.0
-105.355, 40.035, 70.0
-105.355, 40.04, 70.0
-105.355, 40.045, 70.0
-105.355, 40.05, 70.0
-105.355, 40.055, 70.0
-105.355, 40.06, 70.0
-105.355, 40.065, 70.0
-105.355, 40.07, 70.0
-105.355, 40.075, 70.0
-105.355, 40.08, 70.0
-105.355, 40.085, 70.0
-105.355, 40.09, 70.0
-105.355, 40.095, 70.0
-105.355, 40.1, 70.0
-105.355, 40.105, 70.0
-105.355, 40.11, 70.0
-105.355, 40.115, 70.0
-105.355, 40.12, 70.0
-105.355, 40.125, 70.0
-105.355, 40.13, 120.0
-105.355, 40.135, 120.0
-105.355, 40.14, 70.0
-105.355, 40.145, 70.0
-105.355, 40.15, 70.0
-105.355, 40.155, 70.0
-105.355, 40.16, 70.0
-105.355, 40.165, 70.0
-105.355, 40.17, 70.0
-105.355, 40.175, 70.0
-105.355, 40.18, 70.0
-105.355, 40.185, 70.0
-105.355, 40.19, 70.0
-105.35, 39.945, 130.0
-105.35, 39.95, 130.0
-105.35, 39.955, 130.0
-105.35, 39.96, 70.0
-105.35, 39.965, 70.0
-105.35, 39.97, 70.0
-105.35, 39.975, 70.0
-105.35, 39.98, 70.0
-105.35, 39.985, 70.0
-105.35, 39.99, 70.0
-105.35, 39.995, 70.0
-105.35, 40, 70.0
-105.35, 40.005, 70.0
-105.35, 40.01, 70.0
-105.35, 40.015, 70.0
-105.35, 40.02, 70.0
-105.35, 40.025, 70.0
-105.35, 40.03, 70.0
-105.35, 40.035, 70.0
-105.35, 40.04, 70.0
-105.35, 40.045, 70.0
-105.35, 40.05, 70.0
-105.35, 40.055, 70.0
-105.35, 40.06, 70.0
-105.35, 40.065, 70.0
-105.35, 40.07, 70.0
-105.35, 40.075, 70.0
-105.35, 40.08, 70.0
-105.35, 40.085, 70.0
-105.35, 40.09, 70.0
-105.35, 40.095, 70.0
-105.35, 40.1, 70.0
-105.35, 40.105, 70.0
-105.35, 40.11, 70.0
-105.35, 40.115, 70.0
-105.35, 40.12, 70.0
-105.35, 40.125, 70.0
-105.35, 40.13, 70.0
-105.35, 40.135, 120.0
-105.35, 40.14, 120.0
-105.35, 40.145, 70.0
-105.35, 40.15, 70.0
-105.35, 40.155, 70.0
-105.35, 40.16, 70.0
-105.35, 40.165, 70.0
-105.35, 40.17, 70.0
-105.35, 40.175, 70.0
-105.35, 40.18, 70.0
-105.35, 40.185, 70.0
-105.32, 40.18, 70.0
-105.32, 40.185, 70.0
-105.32, 40.19, 70.0
-105.315, 39.945, 70.0
-105.315, 39.95, 70.0
-105.315, 39.955, 70.0
-105.315, 39.96, 70.0
-105.315, 39.965, 70.0
-105.315, 39.97, 70.0
-105.315, 39.975, 70.0
-105.315, 39.98, 70.0
-105.315, 39.985, 70.0
-105.315, 39.99, 70.0
-105.315, 39.995, 70.0
-105.315, 40, 70.0
-105.315, 40.005, 70.0
-105.315, 40.01, 70.0
-105.315, 40.015, 70.0
-105.315, 40.02, 70.0
-105.315, 40.025, 70.0
-105.315, 40.03, 70.0
-105.315, 40.035, 70.0
-105.315, 40.04, 70.0
-105.315, 40.045, 70.0
-105.315, 40.05, 70.0
-105.315, 40.055, 70.0
-105.315, 40.06, 70.0
-105.315, 40.065, 70.0
-105.315, 40.07, 70.0
-105.315, 40.075, 70.0
-105.315, 40.08, 70.0
-105.315, 40.085, 70.0
-105.315, 40.09, 70.0
-105.315, 40.095, 70.0
-105.315, 40.1, 70.0
-105.315, 40.105, 70.0
-105.315, 40.11, 70.0
-105.315, 40.115, 70.0
-105.315, 40.12, 130.0
-105.315, 40.125, 70.0
-105.315, 40.13, 70.0
-105.315, 40.135, 70.0
-105.315, 40.14, 130.0
-105.315, 40.145, 120.0
-105.315, 40.15, 70.0
-105.315, 40.155, 70.0
-105.315, 40.16, 70.0
-105.315, 40.165, 70.0
-105.315, 40.17, 70.0
-105.315, 40.175, 70.0
-105.315, 40.18, 70.0
-105.315, 40.185, 70.0
-105.315, 40.19, 70.0
-105.31, 39.945, 70.0
-105.31, 39.95, 70.0
-105.31, 39.955, 70.0
-105.31, 39.96, 70.0
-105.31, 39.965, 70.0
-105.31, 39.97, 70.0
-105.31, 39.975, 70.0
-105.31, 39.98, 70.0
-105.31, 39.985, 70.0
-105.31, 39.99, 70.0
-105.31, 39.995, 70.0
-105.31, 40, 70.0
-105.31, 40.005, 70.0
-105.31, 40.01, 70.0
-105.31, 40.015, 70.0
-105.31, 40.02, 70.0
-105.31, 40.025, 70.0
-105.31, 40.03, 70.0
-105.31, 40.035, 70.0
-105.31, 40.04, 70.0
-105.31, 40.045, 70.0
-105.31, 40.05, 70.0
-105.31, 40.055, 70.0
-105.31, 40.06, 70.0
-105.31, 40.065, 70.0
-105.31, 40.07, 70.0
-105.31, 40.075, 70.0
-105.31, 40.08, 70.0
-105.31, 40.085, 70.0
-105.31, 40.09, 70.0
-105.31, 40.095, 70.0
-105.31, 40.1, 70.0
-105.31, 40.105, 70.0
-105.31, 40.11, 70.0
-105.31, 40.115, 70.0
-105.31, 40.12, 130.0
-105.31, 40.125, 70.0
-105.31, 40.13, 130.0
-105.31, 40.135, 130.0
-105.31, 40.14, 130.0
-105.31, 40.145, 120.0
-105.31, 40.15, 70.0
-105.31, 40.155, 70.0
-105.31, 40.16, 70.0
-105.31, 40.165, 70.0
-105.33, 40.185, 70.0
-105.33, 40.19, 70.0
-105.325, 39.945, 70.0
-105.325, 39.95, 70.0
-105.325, 39.955, 70.0
-105.325, 39.96, 70.0
-105.325, 39.965, 70.0
-105.325, 39.97, 70.0
-105.325, 39.975, 70.0
-105.325, 39.98, 70.0
-105.325, 39.985, 70.0
-105.325, 39.99, 70.0
-105.325, 39.995, 70.0
-105.325, 40, 70.0
-105.325, 40.005, 70.0
-105.325, 40.01, 70.0
-105.325, 40.015, 70.0
-105.325, 40.02, 70.0
-105.325, 40.025, 70.0
-105.325, 40.03, 70.0
-105.325, 40.035, 70.0
-105.325, 40.04, 70.0
-105.325, 40.045, 70.0
-105.325, 40.05, 70.0
-105.325, 40.055, 70.0
-105.325, 40.06, 70.0
-105.325, 40.065, 70.0
-105.325, 40.07, 70.0
-105.325, 40.075, 70.0
-105.325, 40.08, 70.0
-105.325, 40.085, 70.0
-105.325, 40.09, 70.0
-105.325, 40.095, 70.0
-105.325, 40.1, 70.0
-105.325, 40.105, 70.0
-105.325, 40.11, 70.0
-105.325, 40.115, 70.0
-105.325, 40.12, 130.0
-105.325, 40.125, 70.0
-105.325, 40.13, 130.0
-105.325, 40.135, 70.0
-105.325, 40.14, 70.0
-105.325, 40.145, 70.0
-105.325, 40.15, 70.0
-105.325, 40.155, 70.0
-105.325, 40.16, 70.0
-105.325, 40.165, 70.0
-105.325, 40.17, 70.0
-105.325, 40.175, 70.0
-105.325, 40.18, 70.0
-105.325, 40.185, 70.0
-105.325, 40.19, 70.0
-105.32, 39.945, 70.0
-105.32, 39.95, 70.0
-105.32, 39.955, 70.0
-105.32, 39.96, 70.0
-105.32, 39.965, 70.0
-105.32, 39.97, 70.0
-105.32, 39.975, 70.0
-105.32, 39.98, 70.0
-105.32, 39.985, 70.0
-105.32, 39.99, 70.0
-105.32, 39.995, 70.0
-105.32, 40, 70.0
-105.32, 40.005, 70.0
-105.32, 40.01, 70.0
-105.32, 40.015, 70.0
-105.32, 40.02, 70.0
-105.32, 40.025, 70.0
-105.32, 40.03, 70.0
-105.32, 40.035, 70.0
-105.32, 40.04, 70.0
-105.32, 40.045, 70.0
-105.32, 40.05, 70.0
-105.32, 40.055, 70.0
-105.32, 40.06, 70.0
-105.32, 40.065, 70.0
-105.32, 40.07, 70.0
-105.32, 40.075, 70.0
-105.32, 40.08, 70.0
-105.32, 40.085, 70.0
-105.32, 40.09, 70.0
-105.32, 40.095, 70.0
-105.32, 40.1, 70.0
-105.32, 40.105, 70.0
-105.32, 40.11, 70.0
-105.32, 40.115, 70.0
-105.32, 40.12, 130.0
-105.32, 40.125, 70.0
-105.32, 40.13, 130.0
-105.32, 40.135, 70.0
-105.32, 40.14, 70.0
-105.32, 40.145, 70.0
-105.32, 40.15, 70.0
-105.32, 40.155, 70.0
-105.32, 40.16, 70.0
-105.32, 40.165, 70.0
-105.32, 40.17, 70.0
-105.3, 40.17, 70.0
-105.3, 40.175, 70.0
-105.3, 40.18, 70.0
-105.3, 40.185, 70.0
-105.3, 40.19, 70.0
-105.295, 39.945, 70.0
-105.295, 39.95, 70.0
-105.295, 39.955, 70.0
-105.295, 39.96, 70.0
-105.295, 39.965, 70.0
-105.295, 39.97, 70.0
-105.295, 39.975, 70.0
-105.295, 39.98, 70.0
-105.295, 39.985, 70.0
-105.295, 39.99, 70.0
-105.295, 39.995, 70.0
-105.295, 40, 190.0
-105.295, 40.005, 190.0
-105.295, 40.01, 190.0
-105.295, 40.015, 190.0
-105.295, 40.02, 190.0
-105.295, 40.025, 190.0
-105.295, 40.03, 190.0
-105.295, 40.035, 190.0
-105.295, 40.04, 190.0
-105.295, 40.045, 130.0
-105.295, 40.05, 190.0
-105.295, 40.055, 130.0
-105.295, 40.06, 130.0
-105.295, 40.065, 130.0
-105.295, 40.07, 130.0
-105.295, 40.075, 130.0
-105.295, 40.08, 130.0
-105.295, 40.085, 130.0
-105.295, 40.09, 130.0
-105.295, 40.095, 130.0
-105.295, 40.1, 130.0
-105.295, 40.105, 130.0
-105.295, 40.11, 130.0
-105.295, 40.115, 130.0
-105.295, 40.12, 130.0
-105.295, 40.125, 130.0
-105.295, 40.13, 70.0
-105.295, 40.135, 190.0
-105.295, 40.14, 190.0
-105.295, 40.145, 70.0
-105.295, 40.15, 70.0
-105.295, 40.155, 70.0
-105.295, 40.16, 70.0
-105.295, 40.165, 70.0
-105.295, 40.17, 70.0
-105.295, 40.175, 70.0
-105.295, 40.18, 70.0
-105.295, 40.185, 70.0
-105.295, 40.19, 70.0
-105.29, 39.945, 130.0
-105.29, 39.95, 70.0
-105.29, 39.955, 70.0
-105.29, 39.96, 70.0
-105.29, 39.965, 70.0
-105.29, 39.97, 70.0
-105.29, 39.975, 70.0
-105.29, 39.98, 70.0
-105.29, 39.985, 70.0
-105.29, 39.99, 70.0
-105.29, 39.995, 190.0
-105.29, 40, 190.0
-105.29, 40.005, 190.0
-105.29, 40.01, 190.0
-105.29, 40.015, 190.0
-105.29, 40.02, 190.0
-105.29, 40.025, 190.0
-105.29, 40.03, 190.0
-105.29, 40.035, 190.0
-105.29, 40.04, 190.0
-105.29, 40.045, 190.0
-105.29, 40.05, 190.0
-105.29, 40.055, 190.0
-105.29, 40.06, 190.0
-105.29, 40.065, 130.0
-105.29, 40.07, 130.0
-105.29, 40.075, 130.0
-105.29, 40.08, 130.0
-105.29, 40.085, 130.0
-105.29, 40.09, 130.0
-105.29, 40.095, 130.0
-105.29, 40.1, 130.0
-105.29, 40.105, 130.0
-105.29, 40.11, 130.0
-105.29, 40.115, 130.0
-105.29, 40.12, 130.0
-105.29, 40.125, 130.0
-105.29, 40.13, 130.0
-105.29, 40.135, 190.0
-105.29, 40.14, 190.0
-105.29, 40.145, 70.0
-105.29, 40.15, 130.0
-105.29, 40.155, 70.0
-105.29, 40.165, 130.0
-105.29, 40.17, 130.0
-105.29, 40.175, 130.0
-105.29, 40.18, 70.0
-105.29, 40.185, 70.0
-105.29, 40.19, 70.0
-105.285, 39.945, 130.0
-105.285, 39.95, 70.0
-105.285, 39.955, 70.0
-105.285, 39.96, 70.0
-105.285, 39.965, 70.0
-105.285, 39.97, 70.0
-105.285, 39.975, 190.0
-105.285, 39.98, 190.0
-105.285, 39.985, 70.0
-105.285, 39.99, 70.0
-105.285, 39.995, 190.0
-105.285, 40, 190.0
-105.285, 40.005, 190.0
-105.285, 40.01, 190.0
-105.285, 40.015, 190.0
-105.285, 40.02, 190.0
-105.285, 40.025, 190.0
-105.285, 40.03, 190.0
-105.285, 40.035, 190.0
-105.285, 40.04, 190.0
-105.285, 40.045, 190.0
-105.285, 40.05, 190.0
-105.285, 40.055, 190.0
-105.285, 40.06, 190.0
-105.285, 40.065, 190.0
-105.285, 40.07, 130.0
-105.285, 40.075, 130.0
-105.285, 40.08, 130.0
-105.285, 40.085, 130.0
-105.285, 40.09, 130.0
-105.285, 40.095, 130.0
-105.285, 40.1, 130.0
-105.285, 40.105, 130.0
-105.285, 40.11, 130.0
-105.285, 40.115, 130.0
-105.285, 40.12, 130.0
-105.285, 40.125, 130.0
-105.285, 40.13, 130.0
-105.285, 40.135, 130.0
-105.285, 40.14, 130.0
-105.285, 40.145, 130.0
-105.285, 40.15, 130.0
-105.285, 40.155, 130.0
-105.285, 40.16, 130.0
-105.285, 40.165, 130.0
-105.285, 40.17, 130.0
-105.285, 40.175, 130.0
-105.285, 40.18, 70.0
-105.285, 40.185, 70.0
-105.285, 40.19, 70.0
-105.28, 39.945, 130.0
-105.28, 39.95, 70.0
-105.28, 39.955, 70.0
-105.28, 39.96, 70.0
-105.28, 39.965, 70.0
-105.28, 39.97, 70.0
-105.28, 39.975, 130.0
-105.28, 39.98, 130.0
-105.28, 39.985, 190.0
-105.28, 39.99, 190.0
-105.28, 39.995, 190.0
-105.28, 40, 190.0
-105.28, 40.005, 190.0
-105.28, 40.01, 190.0
-105.28, 40.015, 190.0
-105.28, 40.02, 190.0
-105.28, 40.025, 190.0
-105.28, 40.03, 190.0
-105.28, 40.035, 190.0
-105.28, 40.04, 190.0
-105.28, 40.045, 190.0
-105.28, 40.05, 190.0
-105.28, 40.055, 190.0
-105.28, 40.06, 190.0
-105.28, 40.065, 190.0
-105.28, 40.07, 130.0
-105.28, 40.075, 130.0
-105.28, 40.08, 130.0
-105.28, 40.085, 130.0
-105.28, 40.09, 130.0
-105.28, 40.095, 130.0
-105.28, 40.1, 130.0
-105.28, 40.105, 130.0
-105.28, 40.11, 130.0
-105.28, 40.115, 130.0
-105.28, 40.12, 130.0
-105.28, 40.125, 40.0
-105.28, 40.13, 130.0
-105.28, 40.135, 130.0
-105.28, 40.14, 130.0
-105.28, 40.145, 130.0
-105.28, 40.15, 130.0
-105.31, 40.175, 70.0
-105.31, 40.18, 70.0
-105.31, 40.185, 70.0
-105.31, 40.19, 70.0
-105.305, 39.945, 70.0
-105.305, 39.95, 70.0
-105.305, 39.955, 70.0
-105.305, 39.96, 70.0
-105.305, 39.965, 70.0
-105.305, 39.97, 70.0
-105.305, 39.975, 70.0
-105.305, 39.98, 70.0
-105.305, 39.985, 70.0
-105.305, 39.99, 70.0
-105.305, 39.995, 70.0
-105.305, 40, 70.0
-105.305, 40.005, 70.0
-105.305, 40.01, 70.0
-105.305, 40.015, 70.0
-105.305, 40.02, 70.0
-105.305, 40.025, 70.0
-105.305, 40.03, 70.0
-105.305, 40.035, 130.0
-105.305, 40.04, 130.0
-105.305, 40.045, 70.0
-105.305, 40.05, 130.0
-105.305, 40.055, 130.0
-105.305, 40.06, 70.0
-105.305, 40.065, 70.0
-105.305, 40.07, 130.0
-105.305, 40.075, 130.0
-105.305, 40.08, 130.0
-105.305, 40.085, 130.0
-105.305, 40.09, 130.0
-105.305, 40.095, 70.0
-105.305, 40.1, 70.0
-105.305, 40.105, 70.0
-105.305, 40.11, 70.0
-105.305, 40.115, 130.0
-105.305, 40.12, 70.0
-105.305, 40.125, 130.0
-105.305, 40.13, 130.0
-105.305, 40.135, 130.0
-105.305, 40.14, 130.0
-105.305, 40.145, 70.0
-105.305, 40.15, 70.0
-105.305, 40.155, 70.0
-105.305, 40.16, 70.0
-105.305, 40.165, 70.0
-105.305, 40.17, 70.0
-105.305, 40.175, 70.0
-105.305, 40.18, 70.0
-105.305, 40.185, 70.0
-105.305, 40.19, 70.0
-105.3, 39.945, 70.0
-105.3, 39.95, 70.0
-105.3, 39.955, 70.0
-105.3, 39.96, 70.0
-105.3, 39.965, 70.0
-105.3, 39.97, 70.0
-105.3, 39.975, 70.0
-105.3, 39.98, 70.0
-105.3, 39.985, 70.0
-105.3, 39.99, 70.0
-105.3, 39.995, 70.0
-105.3, 40, 70.0
-105.3, 40.005, 70.0
-105.3, 40.01, 70.0
-105.3, 40.015, 70.0
-105.3, 40.02, 190.0
-105.3, 40.025, 190.0
-105.3, 40.03, 130.0
-105.3, 40.035, 190.0
-105.3, 40.04, 190.0
-105.3, 40.045, 130.0
-105.3, 40.05, 130.0
-105.3, 40.055, 130.0
-105.3, 40.06, 130.0
-105.3, 40.065, 130.0
-105.3, 40.07, 130.0
-105.3, 40.075, 130.0
-105.3, 40.08, 130.0
-105.3, 40.085, 130.0
-105.3, 40.09, 130.0
-105.3, 40.095, 130.0
-105.3, 40.1, 130.0
-105.3, 40.105, 130.0
-105.3, 40.11, 130.0
-105.3, 40.115, 130.0
-105.3, 40.12, 130.0
-105.3, 40.125, 130.0
-105.3, 40.13, 130.0
-105.3, 40.135, 130.0
-105.3, 40.14, 130.0
-105.3, 40.145, 70.0
-105.3, 40.15, 70.0
-105.3, 40.155, 70.0
-105.3, 40.16, 70.0
-105.28, 40.16, 130.0
-105.28, 40.165, 130.0
-105.28, 40.17, 130.0
-105.28, 40.175, 130.0
-105.28, 40.18, 130.0
-105.28, 40.185, 130.0
-105.28, 40.19, 70.0
-105.275, 39.945, 70.0
-105.275, 39.95, 130.0
-105.275, 39.955, 70.0
-105.275, 39.96, 70.0
-105.275, 39.965, 70.0
-105.275, 39.97, 70.0
-105.275, 39.975, 130.0
-105.275, 39.98, 190.0
-105.275, 39.985, 190.0
-105.275, 39.99, 190.0
-105.275, 39.995, 190.0
-105.275, 40, 190.0
-105.275, 40.005, 190.0
-105.275, 40.01, 190.0
-105.275, 40.015, 190.0
-105.275, 40.02, 190.0
-105.275, 40.025, 190.0
-105.275, 40.03, 190.0
-105.275, 40.035, 190.0
-105.275, 40.04, 190.0
-105.275, 40.045, 190.0
-105.275, 40.05, 190.0
-105.275, 40.055, 190.0
-105.275, 40.06, 130.0
-105.275, 40.065, 130.0
-105.275, 40.07, 130.0
-105.275, 40.075, 130.0
-105.275, 40.08, 130.0
-105.275, 40.085, 130.0
-105.275, 40.09, 130.0
-105.275, 40.095, 130.0
-105.275, 40.1, 130.0
-105.275, 40.105, 130.0
-105.275, 40.11, 130.0
-105.275, 40.115, 130.0
-105.275, 40.12, 130.0
-105.275, 40.125, 130.0
-105.275, 40.13, 130.0
-105.275, 40.135, 130.0
-105.275, 40.14, 130.0
-105.275, 40.145, 130.0
-105.275, 40.15, 130.0
-105.275, 40.155, 130.0
-105.275, 40.16, 130.0
-105.275, 40.165, 130.0
-105.275, 40.17, 130.0
-105.275, 40.175, 130.0
-105.275, 40.18, 130.0
-105.275, 40.185, 70.0
-105.275, 40.19, 70.0
-105.27, 39.945, 130.0
-105.27, 39.95, 130.0
-105.27, 39.955, 130.0
-105.27, 39.96, 70.0
-105.27, 39.965, 70.0
-105.27, 39.97, 190.0
-105.27, 39.975, 190.0
-105.27, 39.98, 190.0
-105.27, 39.985, 190.0
-105.27, 39.99, 190.0
-105.27, 39.995, 190.0
-105.27, 40, 190.0
-105.27, 40.005, 190.0
-105.27, 40.01, 190.0
-105.27, 40.015, 190.0
-105.27, 40.02, 190.0
-105.27, 40.025, 190.0
-105.27, 40.03, 190.0
-105.27, 40.035, 190.0
-105.27, 40.04, 190.0
-105.27, 40.045, 190.0
-105.27, 40.05, 190.0
-105.27, 40.055, 190.0
-105.27, 40.06, 130.0
-105.27, 40.065, 130.0
-105.27, 40.07, 130.0
-105.27, 40.075, 130.0
-105.27, 40.08, 130.0
-105.27, 40.085, 130.0
-105.27, 40.09, 130.0
-105.27, 40.095, 130.0
-105.27, 40.1, 120.0
-105.27, 40.105, 130.0
-105.27, 40.11, 130.0
-105.27, 40.115, 130.0
-105.27, 40.12, 130.0
-105.27, 40.125, 130.0
-105.27, 40.13, 130.0
-105.27, 40.135, 130.0
-105.27, 40.14, 130.0
-105.27, 40.145, 130.0
-105.27, 40.155, 130.0
-105.27, 40.16, 130.0
-105.27, 40.165, 130.0
-105.27, 40.17, 130.0
-105.27, 40.175, 130.0
-105.27, 40.18, 130.0
-105.27, 40.185, 130.0
-105.27, 40.19, 70.0
-105.265, 39.945, 130.0
-105.265, 39.95, 130.0
-105.265, 39.955, 130.0
-105.265, 39.96, 70.0
-105.265, 39.965, 70.0
-105.265, 39.97, 190.0
-105.265, 39.975, 190.0
-105.265, 39.98, 190.0
-105.265, 39.985, 190.0
-105.265, 39.99, 190.0
-105.265, 39.995, 190.0
-105.265, 40, 190.0
-105.265, 40.005, 190.0
-105.265, 40.01, 190.0
-105.265, 40.015, 190.0
-105.265, 40.02, 190.0
-105.265, 40.025, 190.0
-105.265, 40.03, 190.0
-105.265, 40.035, 190.0
-105.265, 40.04, 190.0
-105.265, 40.045, 190.0
-105.265, 40.05, 190.0
-105.265, 40.055, 130.0
-105.265, 40.06, 130.0
-105.265, 40.065, 130.0
-105.265, 40.07, 130.0
-105.265, 40.075, 130.0
-105.265, 40.08, 130.0
-105.265, 40.085, 130.0
-105.265, 40.09, 130.0
-105.265, 40.095, 130.0
-105.265, 40.1, 210.0
-105.265, 40.105, 130.0
-105.265, 40.11, 130.0
-105.265, 40.115, 130.0
-105.265, 40.12, 130.0
-105.265, 40.125, 130.0
-105.265, 40.13, 130.0
-105.265, 40.135, 130.0
-105.265, 40.14, 130.0
-105.265, 40.145, 130.0
-105.265, 40.15, 130.0
-105.265, 40.155, 130.0
-105.265, 40.16, 130.0
-105.265, 40.165, 130.0
-105.265, 40.17, 130.0
-105.265, 40.175, 130.0
-105.265, 40.18, 130.0
-105.265, 40.185, 130.0
-105.265, 40.19, 130.0
-105.26, 39.945, 130.0
-105.26, 39.95, 130.0
-105.26, 39.955, 130.0
-105.26, 39.96, 190.0
-105.26, 39.965, 190.0
-105.26, 39.97, 190.0
-105.26, 39.975, 190.0
-105.26, 39.98, 190.0
-105.26, 39.985, 190.0
-105.26, 39.99, 190.0
-105.26, 39.995, 190.0
-105.26, 40, 190.0
-105.26, 40.005, 190.0
-105.26, 40.01, 190.0
-105.26, 40.015, 190.0
-105.26, 40.02, 190.0
-105.26, 40.025, 190.0
-105.26, 40.03, 190.0
-105.26, 40.035, 190.0
-105.26, 40.04, 190.0
-105.26, 40.045, 190.0
-105.26, 40.05, 190.0
-105.26, 40.055, 130.0
-105.26, 40.06, 130.0
-105.26, 40.065, 130.0
-105.26, 40.07, 130.0
-105.26, 40.075, 130.0
-105.26, 40.08, 130.0
-105.26, 40.085, 130.0
-105.26, 40.09, 130.0
-105.26, 40.095, 130.0
-105.26, 40.1, 130.0
-105.26, 40.105, 130.0
-105.26, 40.11, 130.0
-105.26, 40.115, 130.0
-105.26, 40.12, 130.0
-105.26, 40.125, 130.0
-105.26, 40.13, 130.0
-105.26, 40.135, 130.0
-105.26, 40.14, 130.0
-105.26, 40.15, 130.0
-105.26, 40.155, 130.0
-105.26, 40.16, 130.0
-105.26, 40.165, 130.0
-105.26, 40.17, 130.0
-105.26, 40.175, 130.0
-105.26, 40.18, 130.0
-105.26, 40.185, 130.0
-105.26, 40.19, 130.0
-105.255, 39.945, 130.0
-105.255, 39.95, 130.0
-105.255, 39.955, 130.0
-105.255, 39.96, 130.0
-105.255, 39.965, 130.0
-105.255, 39.97, 190.0
-105.255, 39.975, 190.0
-105.255, 39.98, 190.0
-105.255, 39.985, 190.0
-105.255, 39.99, 190.0
-105.255, 39.995, 190.0
-105.255, 40, 190.0
-105.255, 40.005, 190.0
-105.255, 40.01, 190.0
-105.255, 40.015, 190.0
-105.255, 40.02, 190.0
-105.255, 40.025, 190.0
-105.255, 40.03, 190.0
-105.255, 40.035, 190.0
-105.255, 40.04, 190.0
-105.255, 40.045, 190.0
-105.255, 40.05, 130.0
-105.255, 40.055, 130.0
-105.255, 40.06, 130.0
-105.255, 40.065, 130.0
-105.255, 40.07, 130.0
-105.255, 40.075, 130.0
-105.255, 40.08, 130.0
-105.255, 40.085, 130.0
-105.255, 40.09, 11.0
-105.255, 40.095, 130.0
-105.255, 40.1, 130.0
-105.255, 40.105, 130.0
-105.255, 40.11, 130.0
-105.255, 40.115, 130.0
-105.255, 40.12, 130.0
-105.255, 40.125, 130.0
-105.255, 40.13, 130.0
-105.255, 40.135, 130.0
-105.255, 40.14, 130.0
-105.255, 40.145, 130.0
-105.255, 40.15, 130.0
-105.255, 40.155, 130.0
-105.255, 40.16, 130.0
-105.255, 40.165, 130.0
-105.255, 40.17, 130.0
-105.255, 40.175, 130.0
-105.255, 40.18, 130.0
-105.255, 40.185, 130.0
-105.255, 40.19, 130.0
-105.25, 39.945, 130.0
-105.25, 39.95, 130.0
-105.25, 39.955, 130.0
-105.25, 39.96, 130.0
-105.25, 39.965, 130.0
-105.25, 39.97, 190.0
-105.25, 39.975, 190.0
-105.25, 39.98, 190.0
-105.25, 39.985, 190.0
-105.25, 39.99, 190.0
-105.25, 39.995, 190.0
-105.25, 40, 190.0
-105.25, 40.005, 190.0
-105.25, 40.01, 190.0
-105.25, 40.015, 190.0
-105.25, 40.02, 190.0
-105.25, 40.025, 190.0
-105.25, 40.03, 190.0
-105.25, 40.035, 190.0
-105.25, 40.04, 190.0
-105.25, 40.045, 190.0
-105.25, 40.05, 190.0
-105.25, 40.055, 130.0
-105.25, 40.06, 130.0
-105.25, 40.065, 130.0
-105.25, 40.07, 130.0
-105.25, 40.075, 130.0
-105.25, 40.08, 130.0
-105.25, 40.085, 130.0
-105.25, 40.09, 130.0
-105.25, 40.095, 130.0
-105.25, 40.1, 130.0
-105.25, 40.105, 130.0
-105.25, 40.11, 130.0
-105.25, 40.115, 130.0
-105.25, 40.12, 130.0
-105.25, 40.125, 130.0
-105.25, 40.13, 130.0
-105.25, 40.135, 120.0
-105.25, 40.145, 130.0
-105.25, 40.15, 130.0
-105.25, 40.155, 130.0
-105.25, 40.16, 130.0
-105.25, 40.165, 130.0
-105.25, 40.17, 130.0
-105.25, 40.175, 130.0
-105.25, 40.18, 130.0
-105.25, 40.185, 130.0
-105.25, 40.19, 130.0
-105.245, 39.945, 130.0
-105.245, 39.95, 190.0
-105.245, 39.955, 190.0
-105.245, 39.96, 130.0
-105.245, 39.965, 130.0
-105.245, 39.97, 190.0
-105.245, 39.975, 190.0
-105.245, 39.98, 190.0
-105.245, 39.985, 190.0
-105.245, 39.99, 190.0
-105.245, 39.995, 190.0
-105.245, 40, 190.0
-105.245, 40.005, 190.0
-105.245, 40.01, 190.0
-105.245, 40.015, 190.0
-105.245, 40.02, 190.0
-105.245, 40.025, 190.0
-105.245, 40.03, 190.0
-105.245, 40.035, 190.0
-105.245, 40.04, 190.0
-105.245, 40.045, 130.0
-105.245, 40.05, 130.0
-105.245, 40.055, 130.0
-105.245, 40.06, 130.0
-105.245, 40.065, 130.0
-105.245, 40.07, 130.0
-105.245, 40.075, 130.0
-105.245, 40.08, 130.0
-105.245, 40.085, 130.0
-105.245, 40.09, 130.0
-105.245, 40.095, 130.0
-105.245, 40.1, 130.0
-105.245, 40.105, 130.0
-105.245, 40.11, 130.0
-105.245, 40.115, 130.0
-105.245, 40.12, 130.0
-105.245, 40.125, 130.0
-105.245, 40.13, 130.0
-105.245, 40.135, 130.0
-105.245, 40.14, 130.0
-105.245, 40.145, 130.0
-105.245, 40.15, 130.0
-105.245, 40.155, 130.0
-105.245, 40.16, 130.0
-105.245, 40.165, 130.0
-105.245, 40.17, 130.0
-105.245, 40.175, 130.0
-105.245, 40.18, 130.0
-105.245, 40.185, 130.0
-105.245, 40.19, 130.0
-105.24, 39.945, 130.0
-105.24, 39.95, 190.0
-105.24, 39.955, 190.0
-105.24, 39.96, 130.0
-105.24, 39.965, 130.0
-105.24, 39.97, 190.0
-105.24, 39.975, 190.0
-105.24, 39.98, 190.0
-105.24, 39.985, 190.0
-105.24, 39.99, 190.0
-105.24, 39.995, 190.0
-105.24, 40, 190.0
-105.24, 40.005, 190.0
-105.24, 40.01, 190.0
-105.24, 40.015, 190.0
-105.24, 40.02, 190.0
-105.24, 40.025, 190.0
-105.24, 40.03, 190.0
-105.24, 40.035, 190.0
-105.24, 40.04, 190.0
-105.24, 40.045, 130.0
-105.24, 40.05, 130.0
-105.24, 40.055, 130.0
-105.24, 40.06, 130.0
-105.24, 40.065, 130.0
-105.24, 40.07, 130.0
-105.24, 40.075, 130.0
-105.24, 40.08, 130.0
-105.24, 40.085, 130.0
-105.24, 40.09, 130.0
-105.24, 40.095, 130.0
-105.24, 40.1, 130.0
-105.24, 40.105, 130.0
-105.24, 40.11, 130.0
-105.24, 40.115, 130.0
-105.24, 40.12, 130.0
-105.24, 40.125, 130.0
-105.24, 40.13, 130.0
-105.27, 40.155, 130.0
-105.27, 40.16, 130.0
-105.27, 40.165, 130.0
-105.27, 40.17, 130.0
-105.27, 40.175, 130.0
-105.27, 40.18, 130.0
-105.27, 40.185, 130.0
-105.27, 40.19, 70.0
-105.265, 39.945, 130.0
-105.265, 39.95, 130.0
-105.265, 39.955, 130.0
-105.265, 39.96, 70.0
-105.265, 39.965, 70.0
-105.265, 39.97, 190.0
-105.265, 39.975, 190.0
-105.265, 39.98, 190.0
-105.265, 39.985, 190.0
-105.265, 39.99, 190.0
-105.265, 39.995, 190.0
-105.265, 40, 190.0
-105.265, 40.005, 190.0
-105.265, 40.01, 190.0
-105.265, 40.015, 190.0
-105.265, 40.02, 190.0
-105.265, 40.025, 190.0
-105.265, 40.03, 190.0
-105.265, 40.035, 190.0
-105.265, 40.04, 190.0
-105.265, 40.045, 190.0
-105.265, 40.05, 190.0
-105.265, 40.055, 130.0
-105.265, 40.06, 130.0
-105.265, 40.065, 130.0
-105.265, 40.07, 130.0
-105.265, 40.075, 130.0
-105.265, 40.08, 130.0
-105.265, 40.085, 130.0
-105.265, 40.09, 130.0
-105.265, 40.095, 130.0
-105.265, 40.1, 210.0
-105.265, 40.105, 130.0
-105.265, 40.11, 130.0
-105.265, 40.115, 130.0
-105.265, 40.12, 130.0
-105.265, 40.125, 130.0
-105.265, 40.13, 130.0
-105.265, 40.135, 130.0
-105.265, 40.14, 130.0
-105.265, 40.145, 130.0
-105.265, 40.15, 130.0
-105.265, 40.155, 130.0
-105.265, 40.16, 130.0
-105.265, 40.165, 130.0
-105.265, 40.17, 130.0
-105.265, 40.175, 130.0
-105.265, 40.18, 130.0
-105.265, 40.185, 130.0
-105.265, 40.19, 130.0
-105.26, 39.945, 130.0
-105.26, 39.95, 130.0
-105.26, 39.955, 130.0
-105.26, 39.96, 190.0
-105.26, 39.965, 190.0
-105.26, 39.97, 190.0
-105.26, 39.975, 190.0
-105.26, 39.98, 190.0
-105.26, 39.985, 190.0
-105.26, 39.99, 190.0
-105.26, 39.995, 190.0
-105.26, 40, 190.0
-105.26, 40.005, 190.0
-105.26, 40.01, 190.0
-105.26, 40.015, 190.0
-105.26, 40.02, 190.0
-105.26, 40.025, 190.0
-105.26, 40.03, 190.0
-105.26, 40.035, 190.0
-105.26, 40.04, 190.0
-105.26, 40.045, 190.0
-105.26, 40.05, 190.0
-105.26, 40.055, 130.0
-105.26, 40.06, 130.0
-105.26, 40.065, 130.0
-105.26, 40.07, 130.0
-105.26, 40.075, 130.0
-105.26, 40.08, 130.0
-105.26, 40.085, 130.0
-105.26, 40.09, 130.0
-105.26, 40.095, 130.0
-105.26, 40.1, 130.0
-105.26, 40.105, 130.0
-105.26, 40.11, 130.0
-105.26, 40.115, 130.0
-105.26, 40.12, 130.0
-105.26, 40.125, 130.0
-105.26, 40.13, 130.0
-105.26, 40.135, 130.0
-105.26, 40.14, 130.0
-105.23, 40.135, 130.0
-105.23, 40.14, 130.0
-105.23, 40.145, 130.0
-105.23, 40.15, 130.0
-105.23, 40.155, 130.0
-105.23, 40.16, 130.0
-105.23, 40.165, 130.0
-105.23, 40.17, 130.0
-105.23, 40.175, 130.0
-105.23, 40.18, 130.0
-105.23, 40.185, 210.0
-105.23, 40.19, 210.0
-105.225, 39.945, 130.0
-105.225, 39.95, 130.0
-105.225, 39.955, 130.0
-105.225, 39.96, 130.0
-105.225, 39.965, 130.0
-105.225, 39.97, 130.0
-105.225, 39.975, 130.0
-105.225, 39.98, 130.0
-105.225, 39.985, 190.0
-105.225, 39.99, 190.0
-105.225, 39.995, 190.0
-105.225, 40, 130.0
-105.225, 40.005, 130.0
-105.225, 40.01, 190.0
-105.225, 40.015, 190.0
-105.225, 40.02, 190.0
-105.225, 40.025, 190.0
-105.225, 40.03, 190.0
-105.225, 40.035, 190.0
-105.225, 40.04, 190.0
-105.225, 40.045, 130.0
-105.225, 40.05, 130.0
-105.225, 40.055, 130.0
-105.225, 40.06, 190.0
-105.225, 40.065, 190.0
-105.225, 40.07, 210.0
-105.225, 40.075, 210.0
-105.225, 40.08, 210.0
-105.225, 40.085, 210.0
-105.225, 40.09, 130.0
-105.225, 40.095, 130.0
-105.225, 40.1, 130.0
-105.225, 40.105, 130.0
-105.225, 40.11, 130.0
-105.225, 40.115, 130.0
-105.225, 40.12, 130.0
-105.225, 40.125, 130.0
-105.225, 40.13, 130.0
-105.225, 40.135, 130.0
-105.225, 40.14, 130.0
-105.225, 40.145, 130.0
-105.225, 40.15, 130.0
-105.225, 40.155, 130.0
-105.225, 40.16, 130.0
-105.225, 40.165, 130.0
-105.225, 40.17, 130.0
-105.225, 40.175, 130.0
-105.225, 40.18, 130.0
-105.225, 40.185, 210.0
-105.225, 40.19, 210.0
-105.22, 39.945, 130.0
-105.22, 39.95, 210.0
-105.22, 39.955, 130.0
-105.22, 39.96, 130.0
-105.22, 39.965, 130.0
-105.22, 39.97, 130.0
-105.22, 39.975, 130.0
-105.22, 39.98, 130.0
-105.22, 39.985, 10.0
-105.22, 39.99, 130.0
-105.22, 39.995, 130.0
-105.22, 40, 130.0
-105.22, 40.005, 130.0
-105.22, 40.01, 190.0
-105.22, 40.015, 190.0
-105.22, 40.02, 190.0
-105.22, 40.025, 190.0
-105.22, 40.03, 190.0
-105.22, 40.035, 210.0
-105.22, 40.04, 190.0
-105.22, 40.045, 130.0
-105.22, 40.05, 130.0
-105.22, 40.055, 190.0
-105.22, 40.06, 190.0
-105.22, 40.065, 190.0
-105.22, 40.07, 190.0
-105.22, 40.075, 210.0
-105.22, 40.08, 210.0
-105.22, 40.085, 210.0
-105.22, 40.09, 130.0
-105.22, 40.095, 130.0
-105.22, 40.1, 130.0
-105.22, 40.105, 130.0
-105.22, 40.11, 130.0
-105.22, 40.115, 130.0
-105.22, 40.12, 130.0
-105.22, 40.13, 130.0
-105.22, 40.135, 130.0
-105.22, 40.14, 130.0
-105.22, 40.145, 130.0
-105.22, 40.15, 130.0
-105.22, 40.155, 130.0
-105.22, 40.16, 130.0
-105.22, 40.165, 130.0
-105.22, 40.17, 130.0
-105.22, 40.175, 130.0
-105.22, 40.18, 130.0
-105.22, 40.185, 130.0
-105.22, 40.19, 130.0
-105.215, 39.945, 210.0
-105.215, 39.95, 210.0
-105.215, 39.955, 130.0
-105.215, 39.96, 130.0
-105.215, 39.965, 130.0
-105.215, 39.97, 130.0
-105.215, 39.975, 130.0
-105.215, 39.98, 130.0
-105.215, 39.985, 10.0
-105.215, 39.99, 130.0
-105.215, 39.995, 210.0
-105.215, 40, 130.0
-105.215, 40.005, 190.0
-105.215, 40.01, 190.0
-105.215, 40.015, 190.0
-105.215, 40.02, 190.0
-105.215, 40.025, 130.0
-105.215, 40.03, 190.0
-105.215, 40.035, 130.0
-105.215, 40.04, 130.0
-105.215, 40.045, 130.0
-105.215, 40.05, 130.0
-105.215, 40.055, 190.0
-105.215, 40.06, 190.0
-105.215, 40.065, 190.0
-105.215, 40.07, 190.0
-105.215, 40.075, 130.0
-105.215, 40.08, 210.0
-105.215, 40.085, 210.0
-105.215, 40.09, 210.0
-105.215, 40.095, 130.0
-105.215, 40.1, 130.0
-105.215, 40.105, 130.0
-105.215, 40.11, 130.0
-105.215, 40.115, 130.0
-105.215, 40.12, 130.0
-105.215, 40.125, 130.0
-105.215, 40.13, 130.0
-105.215, 40.135, 130.0
-105.215, 40.14, 130.0
-105.215, 40.145, 130.0
-105.215, 40.15, 130.0
-105.215, 40.155, 130.0
-105.215, 40.16, 130.0
-105.215, 40.165, 130.0
-105.215, 40.17, 130.0
-105.215, 40.175, 130.0
-105.215, 40.18, 130.0
-105.215, 40.185, 130.0
-105.215, 40.19, 130.0
-105.21, 39.945, 210.0
-105.21, 39.95, 210.0
-105.21, 39.955, 130.0
-105.21, 39.96, 130.0
-105.21, 39.965, 130.0
-105.21, 39.97, 130.0
-105.21, 39.975, 40.0
-105.21, 39.98, 40.0
-105.21, 39.985, 10.0
-105.21, 39.99, 130.0
-105.21, 39.995, 210.0
-105.21, 40, 210.0
-105.21, 40.005, 190.0
-105.21, 40.01, 190.0
-105.21, 40.015, 190.0
-105.21, 40.02, 190.0
-105.21, 40.025, 130.0
-105.21, 40.03, 190.0
-105.21, 40.035, 210.0
-105.21, 40.04, 210.0
-105.21, 40.045, 190.0
-105.21, 40.05, 130.0
-105.21, 40.055, 190.0
-105.21, 40.06, 190.0
-105.21, 40.065, 190.0
-105.21, 40.07, 190.0
-105.21, 40.075, 120.0
-105.21, 40.08, 130.0
-105.21, 40.085, 190.0
-105.21, 40.09, 210.0
-105.21, 40.095, 130.0
-105.21, 40.1, 130.0
-105.21, 40.105, 130.0
-105.21, 40.11, 130.0
-105.21, 40.115, 130.0
-105.21, 40.125, 130.0
-105.21, 40.13, 130.0
-105.21, 40.135, 130.0
-105.21, 40.14, 130.0
-105.21, 40.145, 130.0
-105.21, 40.15, 130.0
-105.21, 40.155, 130.0
-105.21, 40.16, 130.0
-105.21, 40.165, 130.0
-105.21, 40.17, 130.0
-105.21, 40.175, 130.0
-105.21, 40.18, 130.0
-105.21, 40.185, 130.0
-105.21, 40.19, 130.0
-105.205, 39.945, 130.0
-105.205, 39.95, 130.0
-105.205, 39.955, 130.0
-105.205, 39.96, 130.0
-105.205, 39.965, 130.0
-105.205, 39.97, 130.0
-105.205, 39.975, 130.0
-105.205, 39.98, 130.0
-105.205, 39.985, 130.0
-105.205, 39.99, 130.0
-105.205, 39.995, 210.0
-105.205, 40, 210.0
-105.205, 40.005, 210.0
-105.205, 40.01, 190.0
-105.205, 40.015, 190.0
-105.205, 40.02, 190.0
-105.205, 40.025, 210.0
-105.205, 40.03, 130.0
-105.205, 40.035, 190.0
-105.205, 40.04, 190.0
-105.205, 40.045, 130.0
-105.205, 40.05, 190.0
-105.205, 40.055, 190.0
-105.205, 40.06, 190.0
-105.205, 40.065, 190.0
-105.205, 40.07, 190.0
-105.205, 40.075, 190.0
-105.205, 40.08, 130.0
-105.205, 40.085, 190.0
-105.205, 40.09, 190.0
-105.205, 40.095, 130.0
-105.205, 40.1, 130.0
-105.205, 40.105, 130.0
-105.205, 40.11, 130.0
-105.205, 40.115, 130.0
-105.205, 40.12, 10.0
-105.205, 40.125, 10.0
-105.205, 40.13, 130.0
-105.205, 40.135, 130.0
-105.205, 40.14, 130.0
-105.205, 40.145, 130.0
-105.205, 40.15, 130.0
-105.205, 40.155, 130.0
-105.205, 40.16, 130.0
-105.205, 40.165, 130.0
-105.205, 40.17, 130.0
-105.205, 40.175, 130.0
-105.205, 40.18, 130.0
-105.205, 40.185, 130.0
-105.205, 40.19, 40.0
-105.2, 39.945, 130.0
-105.2, 39.95, 130.0
-105.2, 39.955, 130.0
-105.2, 39.96, 130.0
-105.2, 39.965, 130.0
-105.2, 39.97, 130.0
-105.2, 39.975, 130.0
-105.2, 39.98, 130.0
-105.2, 39.985, 130.0
-105.2, 39.99, 130.0
-105.2, 39.995, 190.0
-105.2, 40, 130.0
-105.2, 40.005, 130.0
-105.2, 40.01, 190.0
-105.2, 40.015, 190.0
-105.2, 40.02, 210.0
-105.2, 40.025, 210.0
-105.2, 40.03, 130.0
-105.2, 40.035, 130.0
-105.2, 40.04, 210.0
-105.2, 40.045, 70.0
-105.2, 40.05, 70.0
-105.2, 40.055, 130.0
-105.2, 40.06, 190.0
-105.2, 40.065, 190.0
-105.2, 40.07, 190.0
-105.2, 40.075, 190.0
-105.2, 40.08, 130.0
-105.2, 40.085, 130.0
-105.2, 40.09, 190.0
-105.2, 40.095, 190.0
-105.2, 40.1, 130.0
-105.2, 40.105, 130.0
-105.2, 40.11, 130.0
-105.19, 40.115, 11.0
-105.19, 40.12, 130.0
-105.19, 40.125, 130.0
-105.19, 40.13, 130.0
-105.19, 40.135, 210.0
-105.19, 40.14, 210.0
-105.19, 40.145, 130.0
-105.19, 40.15, 130.0
-105.19, 40.155, 210.0
-105.19, 40.16, 130.0
-105.19, 40.165, 130.0
-105.19, 40.17, 40.0
-105.19, 40.175, 10.0
-105.19, 40.18, 40.0
-105.19, 40.185, 70.0
-105.19, 40.19, 130.0
-105.185, 39.945, 130.0
-105.185, 39.95, 130.0
-105.185, 39.955, 130.0
-105.185, 39.96, 130.0
-105.185, 39.965, 130.0
-105.185, 39.97, 130.0
-105.185, 39.975, 130.0
-105.185, 39.98, 130.0
-105.185, 39.985, 130.0
-105.185, 39.99, 130.0
-105.185, 39.995, 130.0
-105.185, 40, 130.0
-105.185, 40.005, 130.0
-105.185, 40.01, 40.0
-105.185, 40.015, 40.0
-105.185, 40.02, 130.0
-105.185, 40.025, 130.0
-105.185, 40.03, 210.0
-105.185, 40.035, 130.0
-105.185, 40.04, 130.0
-105.185, 40.045, 190.0
-105.185, 40.05, 130.0
-105.185, 40.055, 190.0
-105.185, 40.06, 190.0
-105.185, 40.065, 190.0
-105.185, 40.07, 130.0
-105.185, 40.075, 190.0
-105.185, 40.08, 130.0
-105.185, 40.085, 130.0
-105.185, 40.09, 130.0
-105.185, 40.095, 130.0
-105.185, 40.1, 130.0
-105.185, 40.105, 130.0
-105.185, 40.11, 11.0
-105.185, 40.115, 130.0
-105.185, 40.12, 130.0
-105.185, 40.125, 130.0
-105.185, 40.13, 130.0
-105.185, 40.135, 210.0
-105.185, 40.14, 130.0
-105.185, 40.145, 130.0
-105.185, 40.15, 130.0
-105.185, 40.155, 130.0
-105.185, 40.16, 130.0
-105.185, 40.165, 130.0
-105.185, 40.17, 10.0
-105.185, 40.175, 10.0
-105.185, 40.18, 70.0
-105.185, 40.185, 210.0
-105.185, 40.19, 130.0
-105.18, 39.945, 130.0
-105.18, 39.95, 130.0
-105.18, 39.955, 130.0
-105.18, 39.96, 130.0
-105.18, 39.965, 130.0
-105.18, 39.97, 130.0
-105.18, 39.975, 130.0
-105.18, 39.98, 130.0
-105.18, 39.985, 190.0
-105.18, 39.99, 190.0
-105.18, 39.995, 130.0
-105.18, 40, 190.0
-105.18, 40.005, 130.0
-105.18, 40.01, 190.0
-105.18, 40.015, 190.0
-105.18, 40.02, 130.0
-105.18, 40.025, 130.0
-105.18, 40.03, 130.0
-105.18, 40.035, 190.0
-105.18, 40.04, 190.0
-105.18, 40.045, 130.0
-105.18, 40.05, 130.0
-105.18, 40.055, 130.0
-105.18, 40.06, 190.0
-105.18, 40.065, 190.0
-105.18, 40.07, 190.0
-105.18, 40.075, 190.0
-105.18, 40.08, 130.0
-105.18, 40.085, 130.0
-105.18, 40.09, 130.0
-105.18, 40.095, 130.0
-105.18, 40.1, 190.0
-105.18, 40.11, 130.0
-105.18, 40.115, 130.0
-105.18, 40.12, 40.0
-105.18, 40.125, 130.0
-105.18, 40.13, 130.0
-105.18, 40.135, 130.0
-105.18, 40.14, 130.0
-105.18, 40.145, 130.0
-105.18, 40.15, 130.0
-105.18, 40.155, 11.0
-105.18, 40.16, 130.0
-105.18, 40.165, 130.0
-105.18, 40.17, 10.0
-105.18, 40.175, 40.0
-105.18, 40.18, 40.0
-105.18, 40.185, 130.0
-105.18, 40.19, 190.0
-105.175, 39.945, 130.0
-105.175, 39.95, 130.0
-105.175, 39.955, 130.0
-105.175, 39.96, 190.0
-105.175, 39.965, 130.0
-105.175, 39.97, 190.0
-105.175, 39.975, 130.0
-105.175, 39.98, 130.0
-105.175, 39.985, 190.0
-105.175, 39.99, 190.0
-105.175, 39.995, 190.0
-105.175, 40, 130.0
-105.175, 40.005, 130.0
-105.175, 40.01, 190.0
-105.175, 40.015, 190.0
-105.175, 40.02, 130.0
-105.175, 40.025, 130.0
-105.175, 40.03, 40.0
-105.175, 40.035, 10.0
-105.175, 40.04, 130.0
-105.175, 40.045, 190.0
-105.175, 40.05, 130.0
-105.175, 40.055, 130.0
-105.175, 40.06, 130.0
-105.175, 40.065, 190.0
-105.175, 40.07, 130.0
-105.175, 40.075, 190.0
-105.175, 40.08, 130.0
-105.175, 40.085, 130.0
-105.175, 40.09, 130.0
-105.175, 40.095, 190.0
-105.175, 40.1, 190.0
-105.175, 40.105, 190.0
-105.175, 40.11, 130.0
-105.175, 40.115, 130.0
-105.175, 40.12, 130.0
-105.175, 40.125, 11.0
-105.175, 40.13, 130.0
-105.175, 40.135, 40.0
-105.175, 40.14, 130.0
-105.175, 40.145, 130.0
-105.175, 40.15, 130.0
-105.175, 40.155, 130.0
-105.175, 40.16, 10.0
-105.175, 40.165, 130.0
-105.175, 40.17, 130.0
-105.175, 40.175, 130.0
-105.175, 40.18, 130.0
-105.175, 40.185, 210.0
-105.175, 40.19, 130.0
-105.17, 39.945, 130.0
-105.17, 39.95, 130.0
-105.17, 39.955, 190.0
-105.17, 39.96, 190.0
-105.17, 39.965, 190.0
-105.17, 39.97, 190.0
-105.17, 39.975, 130.0
-105.17, 39.98, 190.0
-105.17, 39.985, 190.0
-105.17, 39.99, 190.0
-105.17, 39.995, 190.0
-105.17, 40, 190.0
-105.17, 40.005, 10.0
-105.17, 40.01, 130.0
-105.17, 40.015, 130.0
-105.17, 40.02, 130.0
-105.17, 40.025, 130.0
-105.17, 40.03, 130.0
-105.17, 40.035, 130.0
-105.17, 40.04, 190.0
-105.17, 40.045, 130.0
-105.17, 40.05, 40.0
-105.17, 40.055, 130.0
-105.17, 40.06, 130.0
-105.17, 40.065, 130.0
-105.17, 40.07, 130.0
-105.17, 40.075, 130.0
-105.17, 40.08, 130.0
-105.17, 40.085, 130.0
-105.17, 40.09, 130.0
-105.17, 40.095, 190.0
-105.17, 40.105, 190.0
-105.17, 40.11, 130.0
-105.17, 40.115, 190.0
-105.17, 40.12, 130.0
-105.17, 40.125, 130.0
-105.17, 40.13, 130.0
-105.17, 40.135, 130.0
-105.17, 40.14, 130.0
-105.17, 40.145, 130.0
-105.17, 40.15, 130.0
-105.17, 40.155, 130.0
-105.17, 40.16, 130.0
-105.17, 40.165, 130.0
-105.17, 40.17, 11.0
-105.17, 40.175, 130.0
-105.17, 40.18, 40.0
-105.17, 40.185, 130.0
-105.17, 40.19, 130.0
-105.165, 39.945, 130.0
-105.165, 39.95, 130.0
-105.165, 39.955, 130.0
-105.165, 39.96, 190.0
-105.165, 39.965, 190.0
-105.165, 39.97, 190.0
-105.165, 39.975, 130.0
-105.165, 39.98, 190.0
-105.165, 39.985, 190.0
-105.165, 39.99, 190.0
-105.165, 39.995, 130.0
-105.165, 40, 130.0
-105.165, 40.005, 130.0
-105.165, 40.01, 40.0
-105.165, 40.015, 40.0
-105.165, 40.02, 130.0
-105.165, 40.025, 130.0
-105.165, 40.03, 130.0
-105.165, 40.035, 130.0
-105.165, 40.04, 130.0
-105.165, 40.045, 130.0
-105.165, 40.05, 130.0
-105.165, 40.055, 130.0
-105.165, 40.06, 130.0
-105.165, 40.065, 130.0
-105.165, 40.07, 130.0
-105.165, 40.075, 130.0
-105.165, 40.08, 130.0
-105.165, 40.085, 130.0
-105.165, 40.09, 130.0
-105.165, 40.095, 190.0
-105.165, 40.1, 190.0
-105.165, 40.105, 130.0
-105.165, 40.11, 130.0
-105.165, 40.115, 130.0
-105.165, 40.12, 130.0
-105.165, 40.125, 130.0
-105.165, 40.13, 130.0
-105.165, 40.135, 130.0
-105.165, 40.14, 130.0
-105.165, 40.145, 130.0
-105.165, 40.15, 130.0
-105.165, 40.155, 130.0
-105.165, 40.16, 130.0
-105.165, 40.165, 190.0
-105.165, 40.17, 120.0
-105.165, 40.175, 130.0
-105.165, 40.18, 40.0
-105.165, 40.185, 40.0
-105.165, 40.19, 40.0
-105.16, 39.945, 11.0
-105.16, 39.95, 130.0
-105.16, 39.955, 130.0
-105.16, 39.96, 190.0
-105.16, 39.965, 190.0
-105.16, 39.97, 190.0
-105.16, 39.975, 190.0
-105.16, 39.98, 190.0
-105.16, 39.985, 190.0
-105.16, 39.99, 190.0
-105.16, 39.995, 130.0
-105.16, 40, 190.0
-105.16, 40.005, 130.0
-105.16, 40.01, 40.0
-105.16, 40.015, 40.0
-105.16, 40.02, 130.0
-105.16, 40.025, 130.0
-105.16, 40.03, 130.0
-105.16, 40.035, 130.0
-105.16, 40.04, 130.0
-105.16, 40.045, 130.0
-105.16, 40.05, 130.0
-105.16, 40.055, 130.0
-105.16, 40.06, 130.0
-105.16, 40.065, 130.0
-105.16, 40.07, 130.0
-105.16, 40.075, 130.0
-105.16, 40.08, 130.0
-105.16, 40.085, 130.0
-105.16, 40.09, 130.0
-105.16, 40.1, 190.0
-105.16, 40.105, 130.0
-105.16, 40.11, 130.0
-105.16, 40.115, 130.0
-105.16, 40.12, 130.0
-105.16, 40.125, 130.0
-105.16, 40.13, 130.0
-105.16, 40.135, 130.0
-105.16, 40.14, 130.0
-105.16, 40.145, 190.0
-105.16, 40.15, 190.0
-105.16, 40.155, 190.0
-105.16, 40.16, 190.0
-105.16, 40.165, 190.0
-105.16, 40.17, 190.0
-105.16, 40.175, 190.0
-105.16, 40.18, 130.0
-105.16, 40.185, 130.0
-105.16, 40.19, 40.0
-105.155, 39.945, 70.0
-105.155, 39.95, 130.0
-105.155, 39.955, 190.0
-105.155, 39.96, 190.0
-105.155, 39.965, 190.0
-105.155, 39.97, 190.0
-105.155, 39.975, 190.0
-105.155, 39.98, 190.0
-105.155, 39.985, 190.0
-105.155, 39.99, 190.0
-105.155, 39.995, 190.0
-105.155, 40, 130.0
-105.155, 40.005, 190.0
-105.155, 40.01, 130.0
-105.155, 40.015, 130.0
-105.155, 40.02, 130.0
-105.155, 40.025, 130.0
-105.155, 40.03, 130.0
-105.155, 40.035, 130.0
-105.155, 40.04, 130.0
-105.155, 40.045, 130.0
-105.155, 40.05, 130.0
-105.155, 40.055, 130.0
-105.155, 40.06, 130.0
-105.155, 40.065, 130.0
-105.155, 40.07, 130.0
-105.155, 40.075, 130.0
-105.155, 40.08, 130.0
-105.155, 40.085, 130.0
-105.155, 40.09, 130.0
-105.155, 40.095, 130.0
-105.155, 40.1, 190.0
-105.155, 40.105, 130.0
-105.155, 40.11, 130.0
-105.155, 40.115, 130.0
-105.155, 40.12, 130.0
-105.155, 40.125, 130.0
-105.155, 40.13, 130.0
-105.155, 40.135, 130.0
-105.155, 40.14, 130.0
-105.155, 40.145, 190.0
-105.155, 40.15, 190.0
-105.155, 40.155, 130.0
-105.155, 40.16, 130.0
-105.155, 40.165, 130.0
-105.155, 40.17, 130.0
-105.155, 40.175, 190.0
-105.155, 40.18, 190.0
-105.155, 40.185, 190.0
-105.155, 40.19, 190.0
-105.15, 39.945, 130.0
-105.15, 39.95, 130.0
-105.15, 39.955, 130.0
-105.15, 39.96, 190.0
-105.15, 39.965, 190.0
-105.15, 39.97, 190.0
-105.15, 39.975, 190.0
-105.15, 39.98, 190.0
-105.15, 39.985, 190.0
-105.15, 39.99, 190.0
-105.15, 39.995, 190.0
-105.15, 40, 190.0
-105.15, 40.005, 130.0
-105.15, 40.01, 130.0
-105.15, 40.015, 130.0
-105.15, 40.02, 130.0
-105.15, 40.025, 130.0
-105.15, 40.03, 130.0
-105.15, 40.035, 130.0
-105.15, 40.04, 130.0
-105.15, 40.045, 130.0
-105.15, 40.05, 130.0
-105.15, 40.055, 130.0
-105.15, 40.06, 130.0
-105.15, 40.065, 130.0
-105.15, 40.07, 130.0
-105.15, 40.075, 130.0
-105.15, 40.08, 130.0
-105.15, 40.085, 130.0
-105.15, 40.095, 190.0
-105.15, 40.1, 190.0
-105.15, 40.105, 190.0
-105.15, 40.11, 10.0
-105.15, 40.115, 130.0
-105.15, 40.12, 130.0
-105.15, 40.125, 130.0
-105.15, 40.13, 130.0
-105.15, 40.135, 11.0
-105.15, 40.14, 190.0
-105.15, 40.145, 190.0
-105.15, 40.15, 130.0
-105.15, 40.155, 130.0
-105.15, 40.16, 130.0
-105.15, 40.165, 130.0
-105.15, 40.17, 190.0
-105.15, 40.175, 190.0
-105.15, 40.18, 190.0
-105.15, 40.185, 190.0
-105.15, 40.19, 190.0
-105.145, 39.945, 130.0
-105.145, 39.95, 130.0
-105.145, 39.955, 190.0
-105.145, 39.96, 190.0
-105.145, 39.965, 130.0
-105.145, 39.97, 190.0
-105.145, 39.975, 190.0
-105.145, 39.98, 190.0
-105.145, 39.985, 190.0
-105.145, 39.99, 190.0
-105.145, 39.995, 190.0
-105.145, 40, 130.0
-105.145, 40.005, 190.0
-105.145, 40.01, 190.0
-105.145, 40.015, 190.0
-105.145, 40.02, 190.0
-105.145, 40.025, 130.0
-105.145, 40.03, 10.0
-105.145, 40.035, 130.0
-105.145, 40.04, 130.0
-105.145, 40.045, 11.0
-105.145, 40.05, 130.0
-105.145, 40.055, 130.0
-105.145, 40.06, 130.0
-105.145, 40.065, 130.0
-105.145, 40.07, 130.0
-105.145, 40.075, 130.0
-105.145, 40.08, 10.0
-105.145, 40.085, 10.0
-105.145, 40.09, 130.0
-105.145, 40.095, 130.0
-105.145, 40.1, 130.0
-105.145, 40.105, 190.0
-105.145, 40.11, 10.0
-105.145, 40.115, 130.0
-105.145, 40.12, 130.0
-105.145, 40.125, 10.0
-105.145, 40.13, 130.0
-105.145, 40.135, 190.0
-105.145, 40.14, 190.0
-105.145, 40.145, 190.0
-105.145, 40.15, 190.0
-105.145, 40.155, 130.0
-105.145, 40.16, 190.0
-105.145, 40.165, 190.0
-105.145, 40.17, 210.0
-105.145, 40.175, 190.0
-105.145, 40.18, 190.0
-105.145, 40.185, 190.0
-105.145, 40.19, 190.0
-105.14, 39.945, 130.0
-105.14, 39.95, 130.0
-105.14, 39.955, 130.0
-105.14, 39.96, 130.0
-105.14, 39.965, 130.0
-105.14, 39.97, 190.0
-105.14, 39.975, 190.0
-105.14, 39.98, 190.0
-105.14, 39.985, 190.0
-105.14, 39.99, 190.0
-105.14, 39.995, 130.0
-105.14, 40, 190.0
-105.14, 40.005, 190.0
-105.14, 40.01, 190.0
-105.14, 40.015, 190.0
-105.14, 40.02, 190.0
-105.14, 40.025, 130.0
-105.14, 40.03, 130.0
-105.14, 40.035, 10.0
-105.14, 40.04, 130.0
-105.14, 40.045, 130.0
-105.14, 40.05, 130.0
-105.14, 40.055, 130.0
-105.14, 40.06, 130.0
-105.14, 40.065, 130.0
-105.14, 40.07, 130.0
-105.14, 40.075, 130.0
-105.14, 40.08, 10.0
-105.2, 40.12, 40.0
-105.2, 40.125, 40.0
-105.2, 40.13, 130.0
-105.2, 40.135, 130.0
-105.2, 40.14, 210.0
-105.2, 40.145, 130.0
-105.2, 40.15, 130.0
-105.2, 40.155, 130.0
-105.2, 40.16, 130.0
-105.2, 40.165, 130.0
-105.2, 40.17, 130.0
-105.2, 40.175, 130.0
-105.2, 40.18, 130.0
-105.2, 40.185, 130.0
-105.2, 40.19, 40.0
-105.195, 39.945, 130.0
-105.195, 39.95, 130.0
-105.195, 39.955, 130.0
-105.195, 39.96, 130.0
-105.195, 39.965, 130.0
-105.195, 39.97, 130.0
-105.195, 39.975, 130.0
-105.195, 39.98, 130.0
-105.195, 39.985, 130.0
-105.195, 39.99, 130.0
-105.195, 39.995, 130.0
-105.195, 40, 130.0
-105.195, 40.005, 130.0
-105.195, 40.01, 130.0
-105.195, 40.015, 130.0
-105.195, 40.02, 200.0
-105.195, 40.025, 210.0
-105.195, 40.03, 210.0
-105.195, 40.035, 130.0
-105.195, 40.04, 210.0
-105.195, 40.045, 70.0
-105.195, 40.05, 130.0
-105.195, 40.055, 130.0
-105.195, 40.06, 190.0
-105.195, 40.065, 190.0
-105.195, 40.07, 190.0
-105.195, 40.075, 190.0
-105.195, 40.08, 130.0
-105.195, 40.085, 130.0
-105.195, 40.09, 130.0
-105.195, 40.095, 130.0
-105.195, 40.1, 130.0
-105.195, 40.105, 130.0
-105.195, 40.11, 130.0
-105.195, 40.115, 130.0
-105.195, 40.12, 130.0
-105.195, 40.125, 130.0
-105.195, 40.13, 130.0
-105.195, 40.135, 210.0
-105.195, 40.14, 190.0
-105.195, 40.145, 130.0
-105.195, 40.15, 130.0
-105.195, 40.155, 210.0
-105.195, 40.16, 130.0
-105.195, 40.165, 130.0
-105.195, 40.17, 130.0
-105.195, 40.175, 130.0
-105.195, 40.18, 130.0
-105.195, 40.185, 130.0
-105.195, 40.19, 130.0
-105.19, 39.945, 130.0
-105.19, 39.95, 130.0
-105.19, 39.955, 130.0
-105.19, 39.96, 130.0
-105.19, 39.965, 130.0
-105.19, 39.97, 130.0
-105.19, 39.975, 130.0
-105.19, 39.98, 130.0
-105.19, 39.985, 130.0
-105.19, 39.99, 130.0
-105.19, 39.995, 130.0
-105.19, 40, 130.0
-105.19, 40.005, 130.0
-105.19, 40.01, 40.0
-105.19, 40.015, 130.0
-105.19, 40.02, 130.0
-105.19, 40.025, 130.0
-105.19, 40.03, 210.0
-105.19, 40.035, 130.0
-105.19, 40.04, 130.0
-105.19, 40.045, 190.0
-105.19, 40.05, 190.0
-105.19, 40.055, 190.0
-105.19, 40.06, 190.0
-105.19, 40.065, 190.0
-105.19, 40.07, 190.0
-105.19, 40.075, 190.0
-105.19, 40.08, 130.0
-105.19, 40.085, 130.0
-105.19, 40.09, 130.0
-105.19, 40.095, 130.0
-105.19, 40.1, 130.0
-105.19, 40.105, 190.0
-105.13, 40.085, 130.0
-105.13, 40.09, 130.0
-105.13, 40.095, 130.0
-105.13, 40.1, 130.0
-105.13, 40.105, 130.0
-105.13, 40.11, 11.0
-105.13, 40.115, 11.0
-105.13, 40.12, 11.0
-105.13, 40.125, 130.0
-105.13, 40.13, 130.0
-105.13, 40.135, 190.0
-105.13, 40.14, 190.0
-105.13, 40.145, 190.0
-105.13, 40.15, 190.0
-105.13, 40.155, 120.0
-105.13, 40.16, 190.0
-105.13, 40.165, 190.0
-105.13, 40.17, 190.0
-105.13, 40.175, 190.0
-105.13, 40.18, 190.0
-105.13, 40.185, 190.0
-105.13, 40.19, 190.0
-105.125, 39.945, 130.0
-105.125, 39.95, 130.0
-105.125, 39.955, 130.0
-105.125, 39.96, 130.0
-105.125, 39.965, 190.0
-105.125, 39.97, 190.0
-105.125, 39.975, 190.0
-105.125, 39.98, 190.0
-105.125, 39.985, 190.0
-105.125, 39.99, 190.0
-105.125, 39.995, 190.0
-105.125, 40, 190.0
-105.125, 40.005, 130.0
-105.125, 40.01, 130.0
-105.125, 40.015, 11.0
-105.125, 40.02, 11.0
-105.125, 40.025, 130.0
-105.125, 40.03, 130.0
-105.125, 40.035, 130.0
-105.125, 40.04, 130.0
-105.125, 40.045, 10.0
-105.125, 40.05, 130.0
-105.125, 40.055, 130.0
-105.125, 40.06, 130.0
-105.125, 40.065, 130.0
-105.125, 40.07, 130.0
-105.125, 40.075, 130.0
-105.125, 40.08, 10.0
-105.125, 40.085, 130.0
-105.125, 40.09, 130.0
-105.125, 40.095, 130.0
-105.125, 40.1, 11.0
-105.125, 40.105, 130.0
-105.125, 40.11, 11.0
-105.125, 40.115, 130.0
-105.125, 40.12, 11.0
-105.125, 40.125, 40.0
-105.125, 40.13, 130.0
-105.125, 40.135, 190.0
-105.125, 40.14, 190.0
-105.125, 40.145, 190.0
-105.125, 40.15, 190.0
-105.125, 40.155, 120.0
-105.125, 40.16, 190.0
-105.125, 40.165, 190.0
-105.125, 40.17, 190.0
-105.125, 40.175, 190.0
-105.125, 40.18, 190.0
-105.125, 40.185, 190.0
-105.125, 40.19, 190.0
-105.12, 39.945, 130.0
-105.12, 39.95, 130.0
-105.12, 39.955, 130.0
-105.12, 39.96, 130.0
-105.12, 39.965, 190.0
-105.12, 39.97, 130.0
-105.12, 39.975, 130.0
-105.12, 39.98, 190.0
-105.12, 39.985, 190.0
-105.12, 39.99, 190.0
-105.12, 39.995, 190.0
-105.12, 40, 190.0
-105.12, 40.005, 130.0
-105.12, 40.01, 190.0
-105.12, 40.015, 130.0
-105.12, 40.02, 130.0
-105.12, 40.025, 130.0
-105.12, 40.03, 10.0
-105.12, 40.035, 10.0
-105.12, 40.04, 10.0
-105.12, 40.045, 10.0
-105.12, 40.05, 130.0
-105.12, 40.055, 130.0
-105.12, 40.06, 130.0
-105.12, 40.065, 130.0
-105.12, 40.07, 130.0
-105.12, 40.08, 130.0
-105.12, 40.085, 130.0
-105.12, 40.09, 130.0
-105.12, 40.095, 10.0
-105.12, 40.1, 10.0
-105.12, 40.105, 130.0
-105.12, 40.11, 10.0
-105.12, 40.115, 130.0
-105.12, 40.12, 130.0
-105.12, 40.125, 10.0
-105.12, 40.13, 130.0
-105.12, 40.135, 190.0
-105.12, 40.14, 190.0
-105.12, 40.145, 190.0
-105.12, 40.15, 190.0
-105.12, 40.155, 190.0
-105.12, 40.16, 190.0
-105.12, 40.165, 190.0
-105.12, 40.17, 190.0
-105.12, 40.175, 190.0
-105.12, 40.18, 190.0
-105.12, 40.185, 190.0
-105.12, 40.19, 190.0
-105.115, 39.945, 130.0
-105.115, 39.95, 130.0
-105.115, 39.955, 130.0
-105.115, 39.96, 130.0
-105.115, 39.965, 130.0
-105.115, 39.97, 130.0
-105.115, 39.975, 130.0
-105.115, 39.98, 190.0
-105.115, 39.985, 190.0
-105.115, 39.99, 190.0
-105.115, 39.995, 190.0
-105.115, 40, 130.0
-105.115, 40.005, 130.0
-105.115, 40.01, 190.0
-105.115, 40.015, 130.0
-105.115, 40.02, 130.0
-105.115, 40.025, 10.0
-105.115, 40.03, 40.0
-105.115, 40.035, 10.0
-105.115, 40.04, 11.0
-105.115, 40.045, 10.0
-105.115, 40.05, 130.0
-105.115, 40.055, 130.0
-105.115, 40.06, 130.0
-105.115, 40.065, 130.0
-105.115, 40.07, 130.0
-105.115, 40.075, 10.0
-105.115, 40.08, 10.0
-105.115, 40.085, 10.0
-105.115, 40.09, 130.0
-105.115, 40.095, 10.0
-105.115, 40.1, 10.0
-105.115, 40.105, 130.0
-105.115, 40.11, 10.0
-105.115, 40.115, 10.0
-105.115, 40.12, 130.0
-105.115, 40.125, 130.0
-105.115, 40.13, 10.0
-105.115, 40.135, 190.0
-105.115, 40.14, 190.0
-105.115, 40.145, 190.0
-105.115, 40.15, 190.0
-105.115, 40.155, 190.0
-105.115, 40.16, 190.0
-105.115, 40.165, 190.0
-105.115, 40.17, 190.0
-105.115, 40.175, 190.0
-105.115, 40.18, 190.0
-105.115, 40.185, 190.0
-105.115, 40.19, 190.0
-105.11, 39.945, 130.0
-105.11, 39.95, 130.0
-105.11, 39.955, 130.0
-105.11, 39.96, 130.0
-105.11, 39.965, 130.0
-105.11, 39.97, 130.0
-105.11, 39.975, 130.0
-105.11, 39.98, 190.0
-105.11, 39.985, 190.0
-105.11, 39.99, 190.0
-105.11, 39.995, 190.0
-105.11, 40, 130.0
-105.11, 40.005, 130.0
-105.11, 40.01, 190.0
-105.11, 40.015, 190.0
-105.11, 40.02, 130.0
-105.11, 40.025, 130.0
-105.11, 40.03, 40.0
-105.11, 40.035, 11.0
-105.11, 40.04, 10.0
-105.11, 40.045, 10.0
-105.11, 40.05, 130.0
-105.11, 40.055, 130.0
-105.11, 40.06, 130.0
-105.11, 40.065, 130.0
-105.11, 40.075, 10.0
-105.11, 40.08, 10.0
-105.11, 40.085, 10.0
-105.11, 40.09, 10.0
-105.11, 40.095, 10.0
-105.11, 40.1, 10.0
-105.11, 40.105, 130.0
-105.11, 40.11, 10.0
-105.11, 40.115, 40.0
-105.11, 40.12, 210.0
-105.11, 40.125, 11.0
-105.11, 40.13, 130.0
-105.11, 40.135, 190.0
-105.11, 40.14, 190.0
-105.11, 40.145, 190.0
-105.11, 40.15, 190.0
-105.11, 40.155, 190.0
-105.11, 40.16, 190.0
-105.11, 40.165, 190.0
-105.11, 40.17, 190.0
-105.11, 40.175, 190.0
-105.11, 40.18, 190.0
-105.11, 40.185, 190.0
-105.11, 40.19, 190.0
-105.105, 39.945, 130.0
-105.105, 39.95, 130.0
-105.105, 39.955, 130.0
-105.105, 39.96, 130.0
-105.105, 39.965, 10.0
-105.105, 39.97, 130.0
-105.105, 39.975, 130.0
-105.105, 39.98, 190.0
-105.105, 39.985, 190.0
-105.105, 39.99, 190.0
-105.105, 39.995, 190.0
-105.105, 40, 190.0
-105.105, 40.005, 190.0
-105.105, 40.01, 190.0
-105.105, 40.015, 190.0
-105.105, 40.02, 190.0
-105.105, 40.025, 130.0
-105.105, 40.03, 40.0
-105.105, 40.035, 130.0
-105.105, 40.04, 10.0
-105.105, 40.045, 130.0
-105.105, 40.05, 130.0
-105.105, 40.055, 130.0
-105.105, 40.06, 130.0
-105.105, 40.065, 130.0
-105.105, 40.07, 130.0
-105.105, 40.075, 40.0
-105.105, 40.08, 10.0
-105.105, 40.085, 10.0
-105.105, 40.09, 10.0
-105.105, 40.095, 10.0
-105.105, 40.1, 10.0
-105.105, 40.105, 10.0
-105.105, 40.11, 10.0
-105.105, 40.115, 10.0
-105.105, 40.12, 11.0
-105.105, 40.125, 11.0
-105.105, 40.13, 10.0
-105.105, 40.135, 190.0
-105.105, 40.14, 190.0
-105.105, 40.145, 190.0
-105.105, 40.15, 190.0
-105.105, 40.155, 190.0
-105.105, 40.16, 190.0
-105.105, 40.165, 190.0
-105.105, 40.17, 190.0
-105.105, 40.175, 190.0
-105.105, 40.18, 190.0
-105.105, 40.185, 190.0
-105.105, 40.19, 190.0
-105.1, 39.945, 130.0
-105.1, 39.95, 130.0
-105.1, 39.955, 130.0
-105.1, 39.96, 130.0
-105.1, 39.965, 130.0
-105.1, 39.97, 130.0
-105.1, 39.975, 130.0
-105.1, 39.98, 130.0
-105.1, 39.985, 190.0
-105.1, 39.99, 190.0
-105.1, 39.995, 190.0
-105.1, 40, 190.0
-105.1, 40.005, 190.0
-105.1, 40.01, 130.0
-105.1, 40.015, 130.0
-105.1, 40.02, 190.0
-105.1, 40.025, 130.0
-105.1, 40.03, 130.0
-105.1, 40.035, 10.0
-105.1, 40.04, 40.0
-105.1, 40.045, 130.0
-105.1, 40.05, 190.0
-105.1, 40.055, 130.0
-105.1, 40.06, 130.0
-105.1, 40.07, 11.0
-105.1, 40.075, 10.0
-105.1, 40.08, 130.0
-105.1, 40.085, 10.0
-105.1, 40.09, 40.0
-105.1, 40.095, 10.0
-105.1, 40.1, 10.0
-105.1, 40.105, 10.0
-105.1, 40.11, 10.0
-105.1, 40.115, 130.0
-105.1, 40.12, 10.0
-105.1, 40.125, 10.0
-105.1, 40.13, 130.0
-105.1, 40.135, 130.0
-105.1, 40.14, 10.0
-105.1, 40.145, 190.0
-105.1, 40.15, 190.0
-105.1, 40.155, 190.0
-105.1, 40.16, 190.0
-105.1, 40.165, 190.0
-105.1, 40.17, 190.0
-105.1, 40.175, 190.0
-105.1, 40.18, 190.0
-105.1, 40.185, 190.0
-105.1, 40.19, 190.0
-105.095, 39.945, 130.0
-105.095, 39.95, 130.0
-105.095, 39.955, 130.0
-105.095, 39.96, 130.0
-105.095, 39.965, 130.0
-105.095, 39.97, 190.0
-105.095, 39.975, 130.0
-105.095, 39.98, 130.0
-105.095, 39.985, 190.0
-105.095, 39.99, 190.0
-105.095, 39.995, 190.0
-105.095, 40, 190.0
-105.095, 40.005, 190.0
-105.095, 40.01, 130.0
-105.095, 40.015, 130.0
-105.095, 40.02, 190.0
-105.095, 40.025, 130.0
-105.095, 40.03, 10.0
-105.095, 40.035, 130.0
-105.095, 40.04, 130.0
-105.095, 40.045, 11.0
-105.095, 40.05, 190.0
-105.095, 40.055, 190.0
-105.095, 40.06, 130.0
-105.095, 40.065, 130.0
-105.095, 40.07, 130.0
-105.095, 40.075, 10.0
-105.095, 40.08, 130.0
-105.095, 40.085, 10.0
-105.095, 40.09, 10.0
-105.095, 40.095, 10.0
-105.095, 40.1, 10.0
-105.095, 40.105, 130.0
-105.095, 40.11, 10.0
-105.095, 40.115, 130.0
-105.095, 40.12, 10.0
-105.095, 40.125, 10.0
-105.095, 40.13, 10.0
-105.095, 40.135, 10.0
-105.095, 40.14, 10.0
-105.095, 40.145, 10.0
-105.095, 40.15, 130.0
-105.095, 40.155, 190.0
-105.095, 40.16, 190.0
-105.095, 40.165, 190.0
-105.095, 40.17, 190.0
-105.095, 40.175, 190.0
-105.095, 40.18, 190.0
-105.095, 40.185, 190.0
-105.095, 40.19, 190.0
-105.09, 39.945, 130.0
-105.09, 39.95, 130.0
-105.09, 39.955, 130.0
-105.09, 39.96, 130.0
-105.09, 39.965, 130.0
-105.09, 39.97, 190.0
-105.09, 39.975, 130.0
-105.09, 39.98, 130.0
-105.09, 39.985, 190.0
-105.09, 39.99, 190.0
-105.09, 39.995, 190.0
-105.09, 40, 190.0
-105.09, 40.005, 130.0
-105.09, 40.01, 130.0
-105.09, 40.015, 130.0
-105.09, 40.02, 190.0
-105.09, 40.025, 130.0
-105.09, 40.03, 130.0
-105.09, 40.035, 130.0
-105.09, 40.04, 130.0
-105.09, 40.045, 190.0
-105.09, 40.05, 190.0
-105.09, 40.055, 190.0
-105.14, 40.09, 130.0
-105.14, 40.095, 130.0
-105.14, 40.1, 130.0
-105.14, 40.105, 10.0
-105.14, 40.11, 10.0
-105.14, 40.115, 130.0
-105.14, 40.12, 10.0
-105.14, 40.125, 10.0
-105.14, 40.13, 130.0
-105.14, 40.135, 130.0
-105.14, 40.14, 130.0
-105.14, 40.145, 190.0
-105.14, 40.15, 190.0
-105.14, 40.155, 190.0
-105.14, 40.16, 190.0
-105.14, 40.165, 190.0
-105.14, 40.17, 210.0
-105.14, 40.175, 190.0
-105.14, 40.18, 190.0
-105.14, 40.185, 190.0
-105.14, 40.19, 190.0
-105.135, 39.945, 130.0
-105.135, 39.95, 130.0
-105.135, 39.955, 130.0
-105.135, 39.96, 130.0
-105.135, 39.965, 130.0
-105.135, 39.97, 190.0
-105.135, 39.975, 190.0
-105.135, 39.98, 190.0
-105.135, 39.985, 190.0
-105.135, 39.99, 190.0
-105.135, 39.995, 130.0
-105.135, 40, 190.0
-105.135, 40.005, 130.0
-105.135, 40.01, 130.0
-105.135, 40.015, 190.0
-105.135, 40.02, 190.0
-105.135, 40.025, 190.0
-105.135, 40.03, 130.0
-105.135, 40.035, 10.0
-105.135, 40.04, 130.0
-105.135, 40.045, 130.0
-105.135, 40.05, 130.0
-105.135, 40.055, 130.0
-105.135, 40.06, 130.0
-105.135, 40.065, 130.0
-105.135, 40.07, 130.0
-105.135, 40.075, 130.0
-105.135, 40.08, 10.0
-105.135, 40.085, 130.0
-105.135, 40.09, 130.0
-105.135, 40.095, 130.0
-105.135, 40.1, 130.0
-105.135, 40.105, 10.0
-105.135, 40.11, 130.0
-105.135, 40.115, 130.0
-105.135, 40.12, 130.0
-105.135, 40.125, 10.0
-105.135, 40.13, 11.0
-105.135, 40.135, 130.0
-105.135, 40.14, 130.0
-105.135, 40.145, 190.0
-105.135, 40.15, 190.0
-105.135, 40.155, 190.0
-105.135, 40.16, 190.0
-105.135, 40.165, 190.0
-105.135, 40.17, 190.0
-105.135, 40.175, 190.0
-105.135, 40.18, 190.0
-105.135, 40.185, 190.0
-105.135, 40.19, 190.0
-105.13, 39.945, 130.0
-105.13, 39.95, 130.0
-105.13, 39.955, 11.0
-105.13, 39.96, 130.0
-105.13, 39.965, 130.0
-105.13, 39.97, 190.0
-105.13, 39.975, 190.0
-105.13, 39.98, 190.0
-105.13, 39.985, 190.0
-105.13, 39.99, 190.0
-105.13, 39.995, 190.0
-105.13, 40, 190.0
-105.13, 40.005, 130.0
-105.13, 40.01, 190.0
-105.13, 40.015, 190.0
-105.13, 40.02, 190.0
-105.13, 40.025, 190.0
-105.13, 40.03, 130.0
-105.13, 40.035, 10.0
-105.13, 40.04, 11.0
-105.13, 40.045, 11.0
-105.13, 40.05, 130.0
-105.13, 40.055, 130.0
-105.13, 40.06, 130.0
-105.13, 40.065, 130.0
-105.13, 40.07, 130.0
-105.13, 40.075, 130.0
-105.08, 40.06, 130.0
-105.08, 40.065, 40.0
-105.08, 40.07, 190.0
-105.08, 40.075, 130.0
-105.08, 40.08, 130.0
-105.08, 40.085, 10.0
-105.08, 40.09, 10.0
-105.08, 40.095, 210.0
-105.08, 40.1, 210.0
-105.08, 40.105, 130.0
-105.08, 40.11, 10.0
-105.08, 40.115, 10.0
-105.08, 40.12, 10.0
-105.08, 40.125, 10.0
-105.08, 40.13, 10.0
-105.08, 40.135, 10.0
-105.08, 40.14, 10.0
-105.08, 40.145, 10.0
-105.08, 40.15, 130.0
-105.08, 40.155, 190.0
-105.08, 40.16, 190.0
-105.08, 40.165, 190.0
-105.08, 40.17, 190.0
-105.08, 40.175, 190.0
-105.08, 40.18, 190.0
-105.08, 40.185, 130.0
-105.08, 40.19, 190.0
-105.075, 39.945, 130.0
-105.075, 39.95, 130.0
-105.075, 39.955, 130.0
-105.075, 39.96, 130.0
-105.075, 39.965, 130.0
-105.075, 39.97, 130.0
-105.075, 39.975, 130.0
-105.075, 39.98, 130.0
-105.075, 39.985, 190.0
-105.075, 39.99, 130.0
-105.075, 39.995, 130.0
-105.075, 40, 130.0
-105.075, 40.005, 130.0
-105.075, 40.01, 130.0
-105.075, 40.015, 10.0
-105.075, 40.02, 10.0
-105.075, 40.025, 130.0
-105.075, 40.03, 130.0
-105.075, 40.035, 130.0
-105.075, 40.04, 130.0
-105.075, 40.045, 130.0
-105.075, 40.05, 130.0
-105.075, 40.055, 130.0
-105.075, 40.06, 130.0
-105.075, 40.065, 40.0
-105.075, 40.07, 190.0
-105.075, 40.075, 210.0
-105.075, 40.08, 130.0
-105.075, 40.085, 11.0
-105.075, 40.09, 130.0
-105.075, 40.095, 130.0
-105.075, 40.1, 10.0
-105.075, 40.105, 10.0
-105.075, 40.11, 10.0
-105.075, 40.115, 10.0
-105.075, 40.12, 40.0
-105.075, 40.125, 10.0
-105.075, 40.13, 10.0
-105.075, 40.135, 10.0
-105.075, 40.14, 10.0
-105.075, 40.145, 130.0
-105.075, 40.15, 10.0
-105.075, 40.155, 190.0
-105.075, 40.16, 190.0
-105.075, 40.165, 190.0
-105.075, 40.17, 190.0
-105.075, 40.175, 130.0
-105.075, 40.18, 190.0
-105.075, 40.185, 190.0
-105.075, 40.19, 190.0
-105.07, 39.945, 190.0
-105.07, 39.95, 130.0
-105.07, 39.955, 130.0
-105.07, 39.96, 130.0
-105.07, 39.965, 130.0
-105.07, 39.97, 130.0
-105.07, 39.975, 130.0
-105.07, 39.98, 130.0
-105.07, 39.985, 130.0
-105.07, 39.99, 130.0
-105.07, 39.995, 130.0
-105.07, 40, 130.0
-105.07, 40.005, 130.0
-105.07, 40.01, 130.0
-105.07, 40.015, 10.0
-105.07, 40.02, 10.0
-105.07, 40.025, 130.0
-105.07, 40.03, 130.0
-105.07, 40.035, 190.0
-105.07, 40.04, 190.0
-105.07, 40.045, 130.0
-105.07, 40.055, 130.0
-105.07, 40.06, 130.0
-105.07, 40.065, 130.0
-105.07, 40.07, 130.0
-105.07, 40.075, 210.0
-105.07, 40.08, 210.0
-105.07, 40.085, 210.0
-105.07, 40.09, 11.0
-105.07, 40.095, 130.0
-105.07, 40.1, 10.0
-105.07, 40.105, 130.0
-105.07, 40.11, 10.0
-105.07, 40.115, 10.0
-105.07, 40.12, 130.0
-105.07, 40.125, 10.0
-105.07, 40.13, 10.0
-105.07, 40.135, 10.0
-105.07, 40.14, 10.0
-105.07, 40.145, 10.0
-105.07, 40.15, 10.0
-105.07, 40.155, 130.0
-105.07, 40.16, 190.0
-105.07, 40.165, 10.0
-105.07, 40.17, 40.0
-105.07, 40.175, 190.0
-105.07, 40.18, 190.0
-105.07, 40.185, 190.0
-105.07, 40.19, 190.0
-105.065, 39.945, 190.0
-105.065, 39.95, 130.0
-105.065, 39.955, 130.0
-105.065, 39.96, 130.0
-105.065, 39.965, 130.0
-105.065, 39.97, 130.0
-105.065, 39.975, 130.0
-105.065, 39.98, 130.0
-105.065, 39.985, 130.0
-105.065, 39.99, 130.0
-105.065, 39.995, 130.0
-105.065, 40, 130.0
-105.065, 40.005, 130.0
-105.065, 40.01, 130.0
-105.065, 40.015, 130.0
-105.065, 40.02, 130.0
-105.065, 40.025, 130.0
-105.065, 40.03, 130.0
-105.065, 40.035, 130.0
-105.065, 40.04, 130.0
-105.065, 40.045, 130.0
-105.065, 40.05, 130.0
-105.065, 40.055, 130.0
-105.065, 40.06, 130.0
-105.065, 40.065, 190.0
-105.065, 40.07, 130.0
-105.065, 40.075, 130.0
-105.065, 40.08, 130.0
-105.065, 40.085, 130.0
-105.065, 40.09, 130.0
-105.065, 40.095, 10.0
-105.065, 40.1, 130.0
-105.065, 40.105, 10.0
-105.065, 40.11, 130.0
-105.065, 40.115, 130.0
-105.065, 40.12, 130.0
-105.065, 40.125, 10.0
-105.065, 40.13, 10.0
-105.065, 40.135, 10.0
-105.065, 40.14, 10.0
-105.065, 40.145, 10.0
-105.065, 40.15, 10.0
-105.065, 40.155, 11.0
-105.065, 40.16, 190.0
-105.065, 40.165, 10.0
-105.065, 40.17, 190.0
-105.065, 40.175, 190.0
-105.065, 40.18, 190.0
-105.065, 40.185, 130.0
-105.065, 40.19, 130.0
-105.06, 39.945, 130.0
-105.06, 39.95, 130.0
-105.06, 39.955, 130.0
-105.06, 39.96, 190.0
-105.06, 39.965, 190.0
-105.06, 39.97, 130.0
-105.06, 39.975, 130.0
-105.06, 39.98, 130.0
-105.06, 39.985, 130.0
-105.06, 39.99, 130.0
-105.06, 39.995, 130.0
-105.06, 40, 130.0
-105.06, 40.005, 130.0
-105.06, 40.01, 130.0
-105.06, 40.015, 130.0
-105.06, 40.02, 130.0
-105.06, 40.025, 130.0
-105.06, 40.03, 130.0
-105.06, 40.035, 130.0
-105.06, 40.04, 130.0
-105.06, 40.05, 190.0
-105.06, 40.055, 190.0
-105.06, 40.06, 130.0
-105.06, 40.065, 190.0
-105.06, 40.07, 130.0
-105.06, 40.075, 130.0
-105.06, 40.08, 10.0
-105.06, 40.085, 130.0
-105.06, 40.09, 130.0
-105.06, 40.095, 10.0
-105.06, 40.1, 130.0
-105.06, 40.105, 10.0
-105.06, 40.11, 10.0
-105.06, 40.115, 10.0
-105.06, 40.12, 10.0
-105.06, 40.125, 10.0
-105.06, 40.13, 10.0
-105.06, 40.135, 10.0
-105.06, 40.14, 10.0
-105.06, 40.145, 10.0
-105.06, 40.15, 10.0
-105.06, 40.155, 11.0
-105.06, 40.16, 130.0
-105.06, 40.165, 130.0
-105.06, 40.17, 130.0
-105.06, 40.175, 190.0
-105.06, 40.18, 130.0
-105.06, 40.185, 130.0
-105.06, 40.19, 130.0
-105.055, 39.945, 130.0
-105.055, 39.95, 130.0
-105.055, 39.955, 130.0
-105.055, 39.96, 130.0
-105.055, 39.965, 130.0
-105.055, 39.97, 130.0
-105.055, 39.975, 130.0
-105.055, 39.98, 130.0
-105.055, 39.985, 130.0
-105.055, 39.99, 130.0
-105.055, 39.995, 130.0
-105.055, 40, 130.0
-105.055, 40.005, 130.0
-105.055, 40.01, 130.0
-105.055, 40.015, 130.0
-105.055, 40.02, 130.0
-105.055, 40.025, 130.0
-105.055, 40.03, 120.0
-105.055, 40.035, 130.0
-105.055, 40.04, 130.0
-105.055, 40.045, 130.0
-105.055, 40.05, 190.0
-105.055, 40.055, 190.0
-105.055, 40.06, 130.0
-105.055, 40.065, 130.0
-105.055, 40.07, 130.0
-105.055, 40.075, 130.0
-105.055, 40.08, 11.0
-105.055, 40.085, 130.0
-105.055, 40.09, 130.0
-105.055, 40.095, 130.0
-105.055, 40.1, 130.0
-105.055, 40.105, 130.0
-105.055, 40.11, 130.0
-105.055, 40.115, 10.0
-105.055, 40.12, 10.0
-105.055, 40.125, 10.0
-105.055, 40.13, 10.0
-105.055, 40.135, 10.0
-105.055, 40.14, 10.0
-105.055, 40.145, 10.0
-105.055, 40.15, 130.0
-105.055, 40.155, 130.0
-105.055, 40.16, 130.0
-105.055, 40.165, 11.0
-105.055, 40.17, 130.0
-105.055, 40.175, 130.0
-105.055, 40.18, 130.0
-105.055, 40.185, 130.0
-105.055, 40.19, 130.0
-105.05, 39.945, 130.0
-105.05, 39.95, 130.0
-105.05, 39.955, 130.0
-105.05, 39.96, 130.0
-105.05, 39.965, 120.0
-105.05, 39.97, 130.0
-105.05, 39.975, 130.0
-105.05, 39.98, 130.0
-105.05, 39.985, 130.0
-105.05, 39.99, 130.0
-105.05, 39.995, 130.0
-105.05, 40, 130.0
-105.05, 40.005, 130.0
-105.05, 40.01, 130.0
-105.05, 40.015, 130.0
-105.05, 40.02, 130.0
-105.05, 40.025, 130.0
-105.05, 40.03, 130.0
-105.05, 40.035, 130.0
-105.05, 40.045, 130.0
-105.05, 40.05, 190.0
-105.05, 40.055, 190.0
-105.05, 40.06, 130.0
-105.05, 40.065, 130.0
-105.05, 40.07, 130.0
-105.05, 40.075, 130.0
-105.05, 40.08, 130.0
-105.05, 40.085, 130.0
-105.05, 40.09, 130.0
-105.05, 40.095, 130.0
-105.05, 40.1, 130.0
-105.05, 40.105, 130.0
-105.05, 40.11, 130.0
-105.05, 40.115, 10.0
-105.05, 40.12, 10.0
-105.05, 40.125, 10.0
-105.05, 40.13, 10.0
-105.05, 40.135, 10.0
-105.05, 40.14, 10.0
-105.05, 40.145, 10.0
-105.05, 40.15, 130.0
-105.05, 40.155, 130.0
-105.05, 40.16, 130.0
-105.05, 40.165, 130.0
-105.05, 40.17, 130.0
-105.05, 40.175, 130.0
-105.05, 40.18, 210.0
-105.05, 40.185, 210.0
-105.05, 40.19, 130.0
-105.045, 39.945, 130.0
-105.045, 39.95, 190.0
-105.045, 39.955, 130.0
-105.045, 39.96, 130.0
-105.045, 39.965, 130.0
-105.045, 39.97, 130.0
-105.045, 39.975, 130.0
-105.045, 39.98, 130.0
-105.045, 39.985, 130.0
-105.045, 39.99, 130.0
-105.045, 39.995, 130.0
-105.045, 40, 130.0
-105.045, 40.005, 130.0
-105.045, 40.01, 130.0
-105.045, 40.015, 130.0
-105.045, 40.02, 130.0
-105.045, 40.025, 130.0
-105.045, 40.03, 130.0
-105.045, 40.035, 130.0
-105.045, 40.04, 130.0
-105.045, 40.045, 130.0
-105.045, 40.05, 130.0
-105.045, 40.055, 130.0
-105.045, 40.06, 130.0
-105.045, 40.065, 130.0
-105.045, 40.07, 130.0
-105.045, 40.075, 10.0
-105.045, 40.08, 130.0
-105.045, 40.085, 130.0
-105.045, 40.09, 130.0
-105.045, 40.095, 40.0
-105.045, 40.1, 130.0
-105.045, 40.105, 130.0
-105.045, 40.11, 130.0
-105.045, 40.115, 130.0
-105.045, 40.12, 10.0
-105.045, 40.125, 10.0
-105.045, 40.13, 10.0
-105.045, 40.135, 10.0
-105.045, 40.14, 10.0
-105.045, 40.145, 10.0
-105.045, 40.15, 130.0
-105.045, 40.155, 130.0
-105.045, 40.16, 11.0
-105.045, 40.165, 130.0
-105.045, 40.17, 130.0
-105.045, 40.175, 210.0
-105.045, 40.18, 210.0
-105.045, 40.185, 210.0
-105.045, 40.19, 210.0
-105.04, 39.945, 130.0
-105.04, 39.95, 190.0
-105.04, 39.955, 130.0
-105.04, 39.96, 130.0
-105.04, 39.965, 130.0
-105.04, 39.97, 130.0
-105.04, 39.975, 130.0
-105.04, 39.98, 130.0
-105.04, 39.985, 130.0
-105.04, 39.99, 130.0
-105.04, 39.995, 130.0
-105.04, 40, 130.0
-105.04, 40.005, 130.0
-105.04, 40.01, 130.0
-105.04, 40.015, 130.0
-105.04, 40.02, 130.0
-105.04, 40.025, 130.0
-105.04, 40.03, 130.0
-105.04, 40.04, 130.0
-105.04, 40.045, 130.0
-105.04, 40.05, 130.0
-105.04, 40.055, 130.0
-105.04, 40.06, 130.0
-105.04, 40.065, 130.0
-105.04, 40.07, 130.0
-105.04, 40.075, 130.0
-105.04, 40.08, 130.0
-105.04, 40.085, 10.0
-105.04, 40.09, 10.0
-105.04, 40.095, 130.0
-105.04, 40.1, 130.0
-105.04, 40.105, 130.0
-105.04, 40.11, 120.0
-105.04, 40.115, 130.0
-105.04, 40.12, 130.0
-105.04, 40.125, 10.0
-105.04, 40.13, 10.0
-105.04, 40.135, 10.0
-105.04, 40.14, 10.0
-105.04, 40.145, 10.0
-105.04, 40.15, 130.0
-105.04, 40.155, 130.0
-105.04, 40.16, 11.0
-105.04, 40.165, 130.0
-105.04, 40.17, 130.0
-105.04, 40.175, 210.0
-105.04, 40.18, 210.0
-105.04, 40.185, 210.0
-105.04, 40.19, 210.0
-105.035, 39.945, 130.0
-105.035, 39.95, 190.0
-105.035, 39.955, 130.0
-105.035, 39.96, 130.0
-105.035, 39.965, 130.0
-105.035, 39.97, 130.0
-105.035, 39.975, 130.0
-105.035, 39.98, 130.0
-105.035, 39.985, 130.0
-105.035, 39.99, 130.0
-105.035, 39.995, 130.0
-105.035, 40, 130.0
-105.035, 40.005, 130.0
-105.035, 40.01, 130.0
-105.035, 40.015, 130.0
-105.035, 40.02, 130.0
-105.035, 40.025, 130.0
-105.035, 40.03, 130.0
-105.035, 40.035, 130.0
-105.035, 40.04, 130.0
-105.035, 40.045, 130.0
-105.035, 40.05, 130.0
-105.035, 40.055, 130.0
-105.035, 40.06, 130.0
-105.035, 40.065, 130.0
-105.035, 40.07, 130.0
-105.035, 40.075, 130.0
-105.035, 40.08, 130.0
-105.035, 40.085, 130.0
-105.035, 40.09, 130.0
-105.035, 40.095, 130.0
-105.035, 40.1, 130.0
-105.035, 40.105, 130.0
-105.035, 40.11, 120.0
-105.035, 40.115, 120.0
-105.035, 40.12, 120.0
-105.035, 40.125, 130.0
-105.035, 40.13, 10.0
-105.035, 40.135, 10.0
-105.035, 40.14, 10.0
-105.035, 40.145, 130.0
-105.035, 40.15, 120.0
-105.035, 40.155, 130.0
-105.035, 40.16, 130.0
-105.035, 40.165, 130.0
-105.035, 40.17, 130.0
-105.035, 40.175, 210.0
-105.035, 40.18, 210.0
-105.035, 40.185, 210.0
-105.035, 40.19, 210.0
-105.03, 39.945, 130.0
-105.03, 39.95, 130.0
-105.03, 39.955, 130.0
-105.03, 39.96, 130.0
-105.03, 39.965, 130.0
-105.03, 39.97, 130.0
-105.03, 39.975, 130.0
-105.03, 39.98, 130.0
-105.03, 39.985, 130.0
-105.03, 39.99, 130.0
-105.03, 39.995, 130.0
-105.03, 40, 130.0
-105.03, 40.005, 130.0
-105.03, 40.01, 130.0
-105.03, 40.015, 130.0
-105.03, 40.02, 130.0
-105.03, 40.025, 130.0
-105.09, 40.065, 130.0
-105.09, 40.07, 130.0
-105.09, 40.075, 130.0
-105.09, 40.08, 130.0
-105.09, 40.085, 10.0
-105.09, 40.09, 10.0
-105.09, 40.095, 210.0
-105.09, 40.1, 210.0
-105.09, 40.105, 10.0
-105.09, 40.11, 130.0
-105.09, 40.115, 130.0
-105.09, 40.12, 10.0
-105.09, 40.125, 10.0
-105.09, 40.13, 10.0
-105.09, 40.135, 10.0
-105.09, 40.14, 10.0
-105.09, 40.145, 10.0
-105.09, 40.15, 130.0
-105.09, 40.155, 190.0
-105.09, 40.16, 190.0
-105.09, 40.165, 190.0
-105.09, 40.17, 190.0
-105.09, 40.175, 190.0
-105.09, 40.18, 190.0
-105.09, 40.185, 130.0
-105.09, 40.19, 130.0
-105.085, 39.945, 130.0
-105.085, 39.95, 130.0
-105.085, 39.955, 130.0
-105.085, 39.96, 130.0
-105.085, 39.965, 130.0
-105.085, 39.97, 130.0
-105.085, 39.975, 130.0
-105.085, 39.98, 130.0
-105.085, 39.985, 190.0
-105.085, 39.99, 190.0
-105.085, 39.995, 190.0
-105.085, 40, 130.0
-105.085, 40.005, 130.0
-105.085, 40.01, 130.0
-105.085, 40.015, 130.0
-105.085, 40.02, 130.0
-105.085, 40.025, 130.0
-105.085, 40.03, 130.0
-105.085, 40.035, 130.0
-105.085, 40.04, 130.0
-105.085, 40.045, 130.0
-105.085, 40.05, 130.0
-105.085, 40.055, 130.0
-105.085, 40.06, 130.0
-105.085, 40.065, 40.0
-105.085, 40.07, 130.0
-105.085, 40.075, 130.0
-105.085, 40.08, 10.0
-105.085, 40.085, 10.0
-105.085, 40.09, 10.0
-105.085, 40.095, 210.0
-105.085, 40.1, 210.0
-105.085, 40.105, 130.0
-105.085, 40.11, 130.0
-105.085, 40.115, 130.0
-105.085, 40.12, 10.0
-105.085, 40.125, 10.0
-105.085, 40.13, 10.0
-105.085, 40.135, 10.0
-105.085, 40.14, 10.0
-105.085, 40.145, 10.0
-105.085, 40.15, 130.0
-105.085, 40.155, 190.0
-105.085, 40.16, 190.0
-105.085, 40.165, 190.0
-105.085, 40.17, 190.0
-105.085, 40.175, 190.0
-105.085, 40.18, 190.0
-105.085, 40.185, 190.0
-105.085, 40.19, 190.0
-105.08, 39.945, 130.0
-105.08, 39.95, 130.0
-105.08, 39.955, 130.0
-105.08, 39.96, 130.0
-105.08, 39.965, 130.0
-105.08, 39.97, 130.0
-105.08, 39.975, 130.0
-105.08, 39.98, 130.0
-105.08, 39.985, 130.0
-105.08, 39.99, 130.0
-105.08, 39.995, 190.0
-105.08, 40, 130.0
-105.08, 40.005, 130.0
-105.08, 40.01, 130.0
-105.08, 40.015, 130.0
-105.08, 40.02, 190.0
-105.08, 40.025, 190.0
-105.08, 40.03, 130.0
-105.08, 40.035, 130.0
-105.08, 40.04, 130.0
-105.08, 40.045, 130.0
-105.08, 40.05, 130.0
